source_url,publish_date,news_paper_name,title,first_paragraph
https://news.google.com/rss/articles/CBMilAFBVV95cUxQYWlaYXFobS12ckNzR0ZjaExOVEhYVGdSWDd2UkNDR25mZFVYU2F6bVMtbVhJS25DMXB3V2NPc2lvWGcwOU5YcmxPc1VWRGZuZTUwc2haTHN2WkxIaS1MbENWb1BMS3NuaUJtRHRPY1VVTkZRSnowX1AyRHdjcWcwVEZwSmEwa19EeEFCTDU2eDNHbnIw?oc=5,"Tue, 28 Jul 2026 11:17:00 GMT",NEWSWEEK,NYC Had Government Food Markets Before Mamdani—What Happened? - Newsweek,NYC Had Government Food Markets Before Mamdani—What Happened? Newsweek
https://news.google.com/rss/articles/CBMiPkFVX3lxTFBWSW0ydjBLck1qdmtSTlZxSUVOSjVkeUcteUJNbkxXelk4M3hKZldPMXdfZTE1T1RRU3ZJZTdn?oc=5,"Fri, 17 May 2013 22:25:19 GMT",NEWSWEEK,"Newsweek - Latest Breaking News, US, World, Politics, Business, Tech and Videos. - Newsweek","Newsweek - Latest Breaking News, US, World, Politics, Business, Tech and Videos. Newsweek"
https://news.google.com/rss/articles/CBMiqAFBVV95cUxQOHdVVjl0Rnl6ZXpDbVJ0eVBTNWh1RlR6YVZDTXYyaFFqR3JlY19CNmpIZkdKbW9TTWFVM2Q2b2hVTGUxWHQ4US1OaFIxYkNCWjVjYy16QWF0RjFJTlJPSlZkTUg2VnNtcUIwb1ZWU0k4VC15NHc1TmdTNUJTdVZNb3RfVHMxdWZybmtRWWNBQm1Ka01vY2h0cDZ5RjJtT1Z2OGxFWGotblc?oc=5,"Mon, 27 Jul 2026 09:00:00 GMT",NEWSWEEK,The Texas Counties That Could Decide Whether Democrats Flip Senate Seat - Newsweek,The Texas Counties That Could Decide Whether Democrats Flip Senate Seat Newsweek
https://news.google.com/rss/articles/CBMiqAFBVV95cUxQNE5XSGFxQ2RqQW1PSWhuZUJTNzFYMUY4YnRDeVNuNF9FUUdTVDNEamJZODRwQlEwZlpLelpSc0lXdkxqV1I0el8xaWVqR0w2eEZRaVlPRzZpSHNrVHUyak1QV2ZPQ0EzNEdnYjJBMllYam0tUTZYV1ZNVzFrTUx3emZNSHVtRGZJam53VXBlN2pyZkdKN01FX0lkOG5CMmZNVnB2WnlNaDE?oc=5,"Mon, 27 Jul 2026 20:11:00 GMT",NEWSWEEK,Who Is David Deno? Cracker Barrel Faces Major Change as New CEO Revealed - Newsweek,Who Is David Deno? Cracker Barrel Faces Major Change as New CEO Revealed Newsweek
https://news.google.com/rss/articles/CBMihgFBVV95cUxOei1MQlQwUEZZdzBZbHdTRW1rOVEtSTJTVmxqQzJhaU1zLVA1cUVFemdNNHc1d014ZnVLRHpabmdCM2o5NmFIT3g4OVdPc29MZ09zdlNxSmUyc01CbUR3OEROZXcxY2hYSm01RUJYZGdMcW5qRzZ1cGtJME0wZ1FYeXRZN3J3QQ?oc=5,"Tue, 28 Jul 2026 17:48:00 GMT",NEWSWEEK,India’s NSE CEO: Winning in AI Doesn’t Require the Biggest Models - Newsweek,India’s NSE CEO: Winning in AI Doesn’t Require the Biggest Models Newsweek
https://news.google.com/rss/articles/CBMinwFBVV95cUxOanU2WkVFcFV3SEJFRDV5bnFrdzFoQkFHOXIzUDNDeUJ5YUpPMzI4RkN2aUx2WU9BRG9welBndHJDYktCSzNpRUhyV0d1bUJibFNtODZTbWxWZ3VXUk9qaHoxODdKaUFMeDRuWldZZGR5RGMyQWhhOS1hd3FMaUcwQVczSjJHbGpGQ1pTUkRiQ05CVkJsOE1OVUIwZ1RoekU?oc=5,"Thu, 23 Jul 2026 18:56:00 GMT",NEWSWEEK,Is your state affected? Millions of eggs recalled over Salmonella - Newsweek,Is your state affected? Millions of eggs recalled over Salmonella Newsweek
https://news.google.com/rss/articles/CBMikAFBVV95cUxOS1ZCZmk2a0hGOGRscURzeW9STEhjQWo5SlFNdTl2Vjlsa1FpeWZ4cV8xck5sOEdRTng3VDZpbDI3bmFnYnpaYWx5VmNnTXdMOHJqOWFRS2JoUVk0T0pHY2cyd3ZNaW9aZlprVzFMY2paMGNlU0hWMGNIdHJVWl9KOENraXhSRUx4d2R0QWVkcmU?oc=5,"Mon, 27 Jul 2026 08:20:00 GMT",NEWSWEEK,Social Security Payments of Up to $994 Will Arrive This Week—What To Know - Newsweek,Social Security Payments of Up to $994 Will Arrive This Week—What To Know Newsweek
https://news.google.com/rss/articles/CBMiqAFBVV95cUxNQ0RmendQcTU3MjlaaVBwMDN3blowcUlBRXJaUjdtU1JnaXFWVmgzTTlFdlZrd3A0NFhQOEYwdFVKUVBRem83WnFkNVBZNnFyUU9JZ1VKblNTSUp0T1U0R1pUb1E5QU4zWGw4dHhFbWxTTXg0SFd5dGw4WUhQWVZKOUk1RDhMMkhTTEUwbHZhcjFzZkNPOVBSQ3NaZkdPc1VmN0F4eERQQVk?oc=5,"Tue, 28 Jul 2026 15:20:00 GMT",NEWSWEEK,Brewery Slammed Over Trump Assassination Attempt Post Accused of Tax Violations - Newsweek,Brewery Slammed Over Trump Assassination Attempt Post Accused of Tax Violations Newsweek
https://news.google.com/rss/articles/CBMiakFVX3lxTE1yS2prR3BpQ0lYZVFmSTZUVmh3WldSbEktVTVVOTJNd1NQclJJVURLNHh4YWJOX3U0akhBSTRTVVRKQTdqaTdrMU5rSHJqMmRqRFByQ0xXaXc1dmpHMUlxOHBMVXQ5LXlWUnc?oc=5,"Mon, 27 Jul 2026 06:55:00 GMT",NEWSWEEK,Seattle Mass Shooting: TikToker Who Raised Alarm Calls Out Organizers - Newsweek,Seattle Mass Shooting: TikToker Who Raised Alarm Calls Out Organizers Newsweek
https://news.google.com/rss/articles/CBMiqAFBVV95cUxPU0xZUDhZMC05Qk9IcDNCOWZlV2xha0d0eXBxWDFVOWQ5ZG9QYzVMb1U0MDFiZUg0czRVWFhHQjRoV0VuTEtwUWZNRUlsMnhkOUtOM0xmZGRZNlFsNHlZT2JKOWsyRXZSc2hOMUlOZWtPUkZ5X3RhbXdRRGtwYV9qbmJDX1E0QjlOQkpyRi1mSE5FU2lTcjU5b2NiQkF0a09mNXdvR2o1dTg?oc=5,"Mon, 20 Jul 2026 07:00:00 GMT",NEWSWEEK,"Church Says Native American Rituals ‘Idol Worship,’ Won’t Leave Reservation - Newsweek","Church Says Native American Rituals ‘Idol Worship,’ Won’t Leave Reservation Newsweek"
https://news.google.com/rss/articles/CBMitwFBVV95cUxQbXB1ZjF3djRrR2pST0RSYm42YkRXQjdWUUpXQmZlN054enVBUzZxRnBoNXJsQTFmb3k1X29FNWIxOWlmT3BoOTdHM09ycVdWZ0cyNklhVFZZblZqM1ZyUHdZUVViUFlKMFdvd1NPSVhEZW82VFJPNVRYMEhabWY5NFU0eGVjQ2Z0YzFZdG4zclNsYWdFdTRCT2JQWGs2Q0JPOXhsRFZnRUtjaW5iOXRJb192eEtKQ28?oc=5,"Sat, 25 Jul 2026 20:02:00 GMT",NEWSWEEK,Trump Posts Image of Giant Air Filter on Canadian Border as Smoke Spreads - Newsweek,Trump Posts Image of Giant Air Filter on Canadian Border as Smoke Spreads Newsweek
https://news.google.com/rss/articles/CBMirAFBVV95cUxPaTg1SEJmWHRBdzJGcmhzbjY3SWhXM0VzaldGbm9sZTJleWQySzRRY3JQZnM5aEVBSGhHQ0k0R0hfSW9KMElDaGVoNnp5dXA0ZXZTTFdEVENydlQ4d1cxbFJ6U0ZpLXFzdVRTWTVOeVdBNmowcWhWeUx4cDBiVUdHYzlPME8yUTRSdlQ4YlE5SVJueEdUN1RaMFA5RWtOVll4YTVXZDlUdklndk95?oc=5,"Sat, 25 Jul 2026 20:27:00 GMT",NEWSWEEK,Massie Bill Would Bar Funding for Police Using Flock License Plate Readers - Newsweek,Massie Bill Would Bar Funding for Police Using Flock License Plate Readers Newsweek
https://news.google.com/rss/articles/CBMie0FVX3lxTFBhZ0VheHVuWXdrcUJiT1k2TjhIWnlZOUhkZVpqdXZTMERnVktDcVBxU1RsU2FiRUw2VVpjYjFHSC10NEtUdXZzQ3lnb3VYQk1HaWxjRk1TWEsxdW42UUt0TlVaZXZGTDlPSzJ4OWc5cFVyS3FVbnJHalZYUQ?oc=5,"Mon, 27 Jul 2026 20:13:00 GMT",NEWSWEEK,Map Reveals US States Where Deaths Outnumber Births - Newsweek,Map Reveals US States Where Deaths Outnumber Births Newsweek
https://news.google.com/rss/articles/CBMirAFBVV95cUxPc1hLMVpQT0JJVTRtZzdROGFERjdDZnU0RFN3dXRQR0NlVng2bGdqRHd0OHRqQl9LQUZpNGN4Qi1xTXhuNXVfNTJUMWQxVVVlWlZOT1NmelNMaWZ4aHZHTGRkcXJkbi1nV1Vkekt4UlJ3VHRCNVBMeEpIcnFsaDFOa0FjWU1wUFJvT25oZ0RhVVMzYVA3TVRTaWJJdFdkam5MTUM4QWNoR3doSW1F?oc=5,"Mon, 27 Jul 2026 21:17:00 GMT",NEWSWEEK,Supreme Court Faces Trump Demand on Mail-in Voting—What Justices Have Said - Newsweek,Supreme Court Faces Trump Demand on Mail-in Voting—What Justices Have Said Newsweek
https://news.google.com/rss/articles/CBMikwFBVV95cUxOYjBsaW1CQUcxWDN0RjhrWU9ZblA5Tmo3Q2VNSDdLQUZOeHo0cGs5elZER1MwZW00ajFjckktUzl0Z193MUJzQlllWUwwRHRVRFVuUW1wLTJHWF9PYW9BbnRJQlprT0ZtZGdfMzh3TmJpcFFTZ3VzUGZkcnppYXdjZXRqNFdicm9ReUFpT1A5X2pQX0U?oc=5,"Mon, 27 Jul 2026 10:10:00 GMT",NEWSWEEK,Map Shows States With Most Haitian Migrants as TPS Ends - Newsweek,Map Shows States With Most Haitian Migrants as TPS Ends Newsweek
https://news.google.com/rss/articles/CBMipAFBVV95cUxNTks1OXdKdTRRa1hqY2I5RjgtR1BXNXZxRmxGUEhNNEx4QXg0ZWQ2d2ZZb0x1dmhCcWFsb2dsXzVEUmNxT3JDaWI0dHp6eHdpZE9LdGdxMXc1azhMWGhBVTN3Y1ctUnl6Tjd0d1p6X0tXTmRCcVczb25MbW5IOTd6SDcwQmNBLWc2TlEtOC12bHhPRW5uM3lETkduMkhnUV9oRGNqXw?oc=5,"Sat, 25 Jul 2026 17:59:00 GMT",NEWSWEEK,Cyclospora Outbreak Response Near ‘Catastrophic’ Level: Ex-FDA Official - Newsweek,Cyclospora Outbreak Response Near ‘Catastrophic’ Level: Ex-FDA Official Newsweek
https://news.google.com/rss/articles/CBMicEFVX3lxTE5xMm5yeTRIazBzelZTWENrMDdLYWlMZWQ0emdSMjNyYmgwcEpFR2FXbGprVDRrLTNCbG1qZ0p2WDhqa21NRHdJQ0lUUU9sdVZwcVpfMnhydDZqMlljTUNMMHY4SU4teDgxaERYMWk5azI?oc=5,"Mon, 27 Jul 2026 20:37:00 GMT",NEWSWEEK,Verizon and T-Mobile users report outage - Newsweek,Verizon and T-Mobile users report outage Newsweek
https://news.google.com/rss/articles/CBMiiAFBVV95cUxQOXFkbTd6c3BucEMzMDRyT3VxaldzZW1JUnFNSktDQjkxUXZaN0h0MGo1SmFLRENvbFhsVFpNV1lESGJhRkN3Wk1Ocm12R1lCVjQ2ek1fc3Fual83amVfamtrcTNwU3BPM1Q0V04xYWlmdXFrLThMbG9odnVCMVdQbmlpMFNpNGhi?oc=5,"Tue, 28 Jul 2026 11:45:00 GMT",NEWSWEEK,Map Shows States Under Emergency Order to Stop Blackouts - Newsweek,Map Shows States Under Emergency Order to Stop Blackouts Newsweek
https://news.google.com/rss/articles/CBMihAFBVV95cUxQcnRrbVpwUjYxMHJkMFZkeU5aaEJ6Q0NHTnNKZFloN0hwNTgxb215cUZXdUwxSmMzLXhyaU9neUxNS2tOWEFQVWhVTjRJblZoa00weV9RNmdTM0hhNVJubTdVT3NTdll5RXlGNjQzd2M3Q1FiaGNvcmIzOUFEVGZiX3dIdm8?oc=5,"Sat, 25 Jul 2026 08:53:00 GMT",NEWSWEEK,"Trump’s $100,000 H-1B Visa Fee Dealt New Court Blow: What It Means - Newsweek","Trump’s $100,000 H-1B Visa Fee Dealt New Court Blow: What It Means Newsweek"
https://news.google.com/rss/articles/CBMiZEFVX3lxTE40TE9uZVVuckhwel91LThWaXhiWXhJTy1LQ20zcl9QdWpxVFhvUWVVZ3djOW53WjZ0Z0dQbFpGcTVyUVlCMjlCeHBWelRoeHNSMkRCWFNCb1UtUVdfVWtndElZQ3c?oc=5,"Tue, 28 Jul 2026 09:38:00 GMT",NEWSWEEK,The Earth Is on Fire - Newsweek,The Earth Is on Fire Newsweek
https://news.google.com/rss/articles/CBMirAFBVV95cUxNMjFJeTlNRkNHbjM4WWZOMU1XZEpKS2VueF9VVDJIZzROOUl6aS1kcE4yQXctWjNRSTlmcGh2MTdTTnVPeVh5MzlST01aLVJwQzBabVdxQ2NZS2tSNGFwLVZzaFBjRWlpSl9SYWJHWXpnVTAtb2tpR3dQbS16S19pZ3BvUFZFWWJqS0Z5cW5iT1g1Ty1acnliYUV5aUw2MWVpcWJzamlva1NOb1pF?oc=5,"Thu, 23 Jul 2026 21:59:00 GMT",NEWSWEEK,Why Barron Trump is facing demands for Andrew Tate testimony - Newsweek,Why Barron Trump is facing demands for Andrew Tate testimony Newsweek
https://news.google.com/rss/articles/CBMinwFBVV95cUxQSVN6aG9ucHRwS25JVmJobFhibC1aNEYzaWpob2lIN3FnX2FHZ1U3T0JUemtjSVQwQTFqVVN6OW5td3ZqVzdxS3ZQTFZYLXozdUVHRngwUTBBVFBZVVBZcFNrWlhMUXJfT1N2VFhYbWRfODFMeXF3NlhkUVM5dU1GeE1VOUlocFMtWjh4SjFqSG8wT1p0eUkxWE1NY2x1OWM?oc=5,"Tue, 28 Jul 2026 13:57:00 GMT",NEWSWEEK,Scientists Reveal What Sparkling Water Really Does to Your Teeth - Newsweek,Scientists Reveal What Sparkling Water Really Does to Your Teeth Newsweek
https://news.google.com/rss/articles/CBMiqgFBVV95cUxNV19VUmFqc3BaM2pzQkhwdXkwNkd4bFVUSFA4MGQzNm1kdlVpbXMzdzAxb3VHWTdoQm9FbDFSaXctaFJnVWtvaDh6MEI1MTNwV1ZZRkNtNXV5V0ZlNmFYOWZfWFU3RkxxUl9xYWcyRDIzTzZjWnl5WmZQVFF0VGVkWGs1UFV4RFZVcVBOQ1NncFkxWDFLVno4bTJFWm9semw3d094T3NucVJDZw?oc=5,"Sun, 26 Jul 2026 20:44:00 GMT",NEWSWEEK,Map Shows States Under Air Quality Alerts as Thousands Told Stay Inside - Newsweek,Map Shows States Under Air Quality Alerts as Thousands Told Stay Inside Newsweek
https://news.google.com/rss/articles/CBMiqgFBVV95cUxNOVBKQjdsWGtzcjhKUWtRN0ZSbDQ1dDdneGpjc0k4Qlg4bEJINmxxaXlabHlKQm9qS2FBV21aSGhmaGdkb3dKNmxBTGRXUmhPa19EbzJydG9pYmFsWElXZ1lzRWRIYWFaQ3dKQm9GVmQ4aENjLXptM2E3dzV3T3RsbFE0aFNvd01FRjJsZmhVSlFPVUpFd1RzcFhDTTR2ZWwydGwyM0FzOWRHUQ?oc=5,"Mon, 27 Jul 2026 09:00:00 GMT",NEWSWEEK,What Two Years of Democratic Soul-Searching Has Really Taught Us | Opinion - Newsweek,What Two Years of Democratic Soul-Searching Has Really Taught Us | Opinion Newsweek
https://news.google.com/rss/articles/CBMimAFBVV95cUxNc1ZxNmc3X3FwMHh3cGVjTE1rU0hUYmJUNkdkZ0ZJSkVGY29qQzduQi1EUGVnTkdObFBGekhxT3FPaE1HWXFoTEFsQUhHNWpjSXJibERvcTNOOW4tenZRZndaLVpDcmdtZ244NHU4N1ZUaEFqSDUwN3lDTUNxZEw4NnN3clFPMURaOXFtal83U2tmWmxxRGlpdg?oc=5,"Mon, 27 Jul 2026 20:30:00 GMT",NEWSWEEK,Ground Zero Rebuild Hits Major Milestone Nearly 25 Years After 9/11 - Newsweek,Ground Zero Rebuild Hits Major Milestone Nearly 25 Years After 9/11 Newsweek
https://news.google.com/rss/articles/CBMiqwFBVV95cUxQN3JXbFNyWGREdlRrR2dvMkwzVUlTbF85Y01ueDhPNlF4amt2S1k0NHhTUG4zSGxzcFNNVHdYVUtLNTE3YUxGSi02RFdqRTNIRUVUQUtwaGU0S3EwT0pXZEF6UWk5VnQ3aDQwSU9jeFRVSVRKMzB4TnRDWk84SHM3S1BidDh2VUkyUHNqb3BOWFNNVFpGNU9CcmZ3cEdiVUZkZjRueTl5Tk50TDg?oc=5,"Wed, 29 Jul 2026 09:00:00 GMT",NEWSWEEK,"Trump Was Right. Six Months Post-Maduro, Venezuelan Recovery Defies Critics - Newsweek","Trump Was Right. Six Months Post-Maduro, Venezuelan Recovery Defies Critics Newsweek"
https://news.google.com/rss/articles/CBMif0FVX3lxTE1lSmZLUVpKLUU1ejF0b2xTNGUyNFpua2dKc3MzTVNWVEdLeXFidjNlUHhzN2NMTm5BaDhZQWw5NjhraGpfN0k5SFNvLU1iQkpHeGxIV25OMDJSQjNOcGhuNUFybndiUnR6akdqSXktOWI1bXlVVzRTTHByNk1jWms?oc=5,"Tue, 28 Jul 2026 11:12:00 GMT",NEWSWEEK,Trump Support For Netanyahu Could Destroy the US-Israel Alliance | Opinion - Newsweek,Trump Support For Netanyahu Could Destroy the US-Israel Alliance | Opinion Newsweek
https://news.google.com/rss/articles/CBMiqAFBVV95cUxQN180alhYanRMYnp1MWJDYTZhVUR2dXBuMEFCRjhXMGVBQzNTTEJWUmptd2I4N0FlRmZKUWVsRnF5WERmTTU5RWQ5U0dZWDgtaVlmdjN0U1N5Q1ozS0JZdlZRaW5CaTlMUkJNbmxvZ1BFakwxR05DRXR6YUYzMi0wRGY1dm1oTlpzNVREdXZKc2c5eEhtaHU1a1g3T282TnEzU2lrWGVEOTk?oc=5,"Mon, 27 Jul 2026 15:54:00 GMT",NEWSWEEK,List of Republicans Who Want Recess Scrapped for SAVE Act—Would It Work? - Newsweek,List of Republicans Who Want Recess Scrapped for SAVE Act—Would It Work? Newsweek
https://news.google.com/rss/articles/CBMiggFBVV95cUxNN096YlY5MU8wR2JYQnFJVE5uc3VQbFFWdkRLOWtYS0M0dS1nLXVVd3czWGN3X3pkNnQwM3o3Ui0yTTJNMnlNWk1YVU5xalV1VXRhakVoN0pVTEM1LTJ5WXB0LTRaSGxSTGxsLThMOHFVNWJJR3ZlZk9nQUpiZlpKcW5R?oc=5,"Sun, 26 Jul 2026 09:00:00 GMT",NEWSWEEK,Priced Out and Moving On: How Housing Costs Could Shift Young Voters - Newsweek,Priced Out and Moving On: How Housing Costs Could Shift Young Voters Newsweek
https://news.google.com/rss/articles/CBMilgFBVV95cUxPVnVsY25qaUxJeUh6WUU2MUo3bVRJWVl5ZTV5WXQybHY1aXFnTW9vZGJhVDZidTZlZUZYeHo0dGNhZEVPYXVkUE5LemFxdFZFX0dCT1haTWVmWVRRSFJia3JtTk9Ydk5JdFBVRGFDMER4bzFpYXJtZkxPek5BWjhGSENpOTZfNGxGeGxod2l4M1hXUkhoNEE?oc=5,"Thu, 23 Jul 2026 11:35:00 GMT",NEWSWEEK,Viagra was designed for one thing. A new study points to an unexpected role in cancer - Newsweek,Viagra was designed for one thing. A new study points to an unexpected role in cancer Newsweek
https://news.google.com/rss/articles/CBMingFBVV95cUxPLUFEcEt1eUZ2U1lfU2U2bVB1YVBNaW1tbjdhbmk0SVFlM2xkaG1jczNYNUV2SlNuS014V3dudThMdHI5T21pSVdaS2c5WTY4dmhwR2IzMS1fTW9SaHh3OW9CUVFqbjZiNDJjWFFqMXFnNXZRYVZOenpUdGJDVDVpYzZNNjJ2M0hDQ2JheVNWa3dLRk5MNVlQcmV4UDBEZw?oc=5,"Tue, 28 Jul 2026 14:00:00 GMT",NEWSWEEK,CBP Phone Searches: US Citizens’ Rights as Man Charged Over Device Wiping - Newsweek,CBP Phone Searches: US Citizens’ Rights as Man Charged Over Device Wiping Newsweek
https://news.google.com/rss/articles/CBMimwFBVV95cUxQVGpNUXNwdjk3NFpiYXctRVptMFZGOEVSUE42OFB4Y09IcWFhVEdlZk92Z09JN3RvWFZYSk56b3pDbjVfdlFDaFBXRzhBZzYwWXBFVndnVFBGZFVOdk9uS0ZwX2dfRTBybkFFazR6OE4xX3lFLVRlak80dVhLM3g3MFdpRXdPRWxjRW1JTnFxTUV4d3dTaFlybWhhaw?oc=5,"Tue, 28 Jul 2026 20:26:00 GMT",NEWSWEEK,Our Next Environmental Disaster Is Floating in Plain Sight - Newsweek,Our Next Environmental Disaster Is Floating in Plain Sight Newsweek
https://news.google.com/rss/articles/CBMimAFBVV95cUxORVltSnNaSEUtSXhwWmt0NVZTYUZhaWF6ZGRtbDd5Q0hXSFh1SDZ5aEFsSFBEMUsyMFI2dDdVcnRiTWtKNEwxWUJUQWRJcllHdGdoLVZsQVU3QXRvelU5SGhDWGJCMXZIVmMwV195bjZUVmxpQjR6c1JKdndVTTBlUjFOUWNVdk45dGVtSjBHZTc2RWhTaWczTw?oc=5,"Mon, 27 Jul 2026 13:42:00 GMT",NEWSWEEK,Trump Admin Overhauls Asylum Process With No-Interview Rule - Newsweek,Trump Admin Overhauls Asylum Process With No-Interview Rule Newsweek
https://news.google.com/rss/articles/CBMingFBVV95cUxOQU9NQjhIMmFldllfMTZJYXhDNTVPSXlPMHZQcFN1RVZfdlFYRWlTRXdCT0RwMEpOa242eDdnaEMyWHZKc21HRTFmNE52YzJpWWFJTGJfRG55MjBRRWxzX0dxSk5OcXEwY0xFTmdpamp5dWhjaHQ5N0NCWWEtUEpBaVd0QWdoNm1QWXpSQVIzYXI0M2ZTOFJHS2JLYTNIQQ?oc=5,"Mon, 27 Jul 2026 13:22:00 GMT",NEWSWEEK,Anti-Data Center Movement Is on Collision Course With Labor Unions - Newsweek,Anti-Data Center Movement Is on Collision Course With Labor Unions Newsweek
https://news.google.com/rss/articles/CBMiqgFBVV95cUxNYnpSRy02SER3YjdhelRzYWJGdzhWajBhUmdjS0xjSUk3WnFzbE40d2VhVGs2bmJsRG1RQ2Z2VTRwdFVNc2kxSks1bjNndHc0Z3pmR082ZkNkVGR2aWRqakliSUk5Wlc0UllBSVAwY212TVo4ZXBfM1VoWUg2S2N2Qm5jWFpVaTV0TF9fLVdLdXozQTMzTy1yb05zbVJXRmIyblZDRC1yMlhLdw?oc=5,"Sun, 26 Jul 2026 20:09:00 GMT",NEWSWEEK,Cyclospora outbreak: Former FDA food safety chief says skip this lettuce - Newsweek,Cyclospora outbreak: Former FDA food safety chief says skip this lettuce Newsweek
https://news.google.com/rss/articles/CBMieEFVX3lxTE1Tako3bGduSEVMcjFCbmRXeUpnemxyM2xWc3JVd3lLWHBoU1hfb3NvNmpQb2lBMXVHM0lkQnBISm5lQnBNYnVMODRyM01nTFlrWGlOTjgtU1liRGthWU50V1hSXzZlWWdKMnNDYmRVOGFQSFYxak5MVg?oc=5,"Sat, 25 Jul 2026 10:06:00 GMT",NEWSWEEK,"Donald Trump Keeps Making 2028 Run Jokes, Posting Memes - Newsweek","Donald Trump Keeps Making 2028 Run Jokes, Posting Memes Newsweek"
https://news.google.com/rss/articles/CBMiiwFBVV95cUxQRVZSYkhBMU93c2JGU1ZERDdRMDdPUTUwWlktUzc4SXhVSjNmbnVJWmFEbnZrZ1Zsak1VZEVPOE5kODZaajhOS09MOUtVQzZpUXRieUx1ZTREbVJGSGJLMlBlR3RnUXlYVmtDYmxsVUpHYkpDdFkzSFlJOW0xbGN1bHVRU3ZULTBYUjRn?oc=5,"Fri, 24 Jul 2026 16:40:00 GMT",NEWSWEEK,Trump Warns of ‘Massive Attack’ on Iran Amid Questions Over Endgame - Newsweek,Trump Warns of ‘Massive Attack’ on Iran Amid Questions Over Endgame Newsweek
https://news.google.com/rss/articles/CBMimwFBVV95cUxNQmRHVjh3WW8tNEY0Z0ZOYUFNWEd3b1dCa2dqeXpvNzlkbmtLU3M3ZElpTTVyRm91T01uT1NGQTNiRkhMRk82YzdJd2R6OElhZktod0pfei1YS3RGSWI1Z1dfbExhRWI3a3ZyeWJKVUlRV3VtdENRTHNqSEN1QWhwRlQ3QTBibnAzb05ON0xtRTZvOW12Z1RkSmNOMA?oc=5,"Sun, 26 Jul 2026 10:00:00 GMT",NEWSWEEK,Middle East Arms Factories Are Redefining US Security | Opinion - Newsweek,Middle East Arms Factories Are Redefining US Security | Opinion Newsweek
https://news.google.com/rss/articles/CBMirAFBVV95cUxQclI3WVI2d05XclRtRGxySHBNTVRvQ1ZVeW1uTnJtMC15bVVaRl9UN21KcEdRZjZodE1mRU9keExqVUE2MlM1bDlHR3dQakZpWktiYW00LXZZeUlvVnByWExrbVJVbm5FT3FtVTBLbXhSeWZLTnl0Nm1LempKMmV5RERNTm40SDhWblB4cS1sSlFpRnBfNmhCNDVDMjgzRzhFY1VNeWFTLTRwckJj?oc=5,"Fri, 24 Jul 2026 20:38:00 GMT",NEWSWEEK,Donald Trump responds directly to cyclospora question - Newsweek,Donald Trump responds directly to cyclospora question Newsweek
https://news.google.com/rss/articles/CBMiogFBVV95cUxNTkN1NDRMYmtuR2FlekliYWJwd2FCLUZYMXdpNHVmVzYycHNiMWtPU2V3NGhibl9RQnZXdkVkQXJCcU5PQ0xJR1hMTkJVQ2IyU2FNVTF6aFo4cUNxaE5OaWRXWUZJNlRNODE0a0s1cVBYbjV0N2lkcUxZVDdpelZ6Ym05cUs0bnBVUXJ2V05nanlYT0hKRzRoX3V3STRnRHRrcFE?oc=5,"Fri, 24 Jul 2026 15:47:00 GMT",NEWSWEEK,Black Woman Given a ‘White Male Name’—Here’s How It Changed Her Career - Newsweek,Black Woman Given a ‘White Male Name’—Here’s How It Changed Her Career Newsweek
https://news.google.com/rss/articles/CBMimgFBVV95cUxPR3NQM3BxSXhjbmtZMEhXc1c2RXA0anl4UklsNXFfbEM0SzliWWVDdmRCYmt5OUhBSnYtZFNqek15RHRVUEVpaTJUZ0gwSVZSOGViekFMUWl5RURkbjBObFdONkFQTkdJbndyLUFUYmxtOXhTLWtMVGpIWjJJa1FUaWo1QVBNZVhmZHlJeWZSNkc2VE04SlduMHNB?oc=5,"Wed, 22 Jul 2026 14:50:00 GMT",NEWSWEEK,"Trump’s Family, Inner Circle Face Subpoenas After Judge Ruling - Newsweek","Trump’s Family, Inner Circle Face Subpoenas After Judge Ruling Newsweek"
https://news.google.com/rss/articles/CBMiqgFBVV95cUxOaGUtZ3hXSnJLa0RIN3dBNzJ6eWw0c0d1OXVUVXR5MHc1STBQRUtQN3NXRHpacFRxVm5ZbjZLVXBDTnRuZHNpUl9kX0JRWlFqLTVONXl0OXZhTW8tb0dSeEZBSE9udnNOUFB3ekx2WDg4d3dpaG5WNHhCYl9ib0ExUVNUNUUzcXkxQ29JZFU5YmZRVGNSTGd3VTFTbFQxYXRsakJ4VlhidkhEZw?oc=5,"Sun, 19 Jul 2026 07:00:00 GMT",NEWSWEEK,Meghan Markle’s As Ever Web Traffic Has Been Falling Steadily in 2026 - Newsweek,Meghan Markle’s As Ever Web Traffic Has Been Falling Steadily in 2026 Newsweek
https://news.google.com/rss/articles/CBMimgFBVV95cUxOOVMyUTlqUzllcVo0TXBEYktZYnB2T1JjZm1WWjFPeXdQTUxEQ2VsanV3REFVWTN4N2w0bmlUbzk5bEJoYWZDWjluZm44Y0dXMlhMaDlWV21GcGg3cmFoMzY2dnNqX3hSNjhZYnV2OHZlUzBqS1lEMDdTLVBZNjhMMzl1VU5HN0NjbTdJVWRTcDlqZ1hnYnowd1hR?oc=5,"Fri, 24 Jul 2026 17:30:00 GMT",NEWSWEEK,Jon Ossoff leads in Georgia—but has one big problem - Newsweek,Jon Ossoff leads in Georgia—but has one big problem Newsweek
https://news.google.com/rss/articles/CBMipAFBVV95cUxObVRsWTZ2NmExcWY2TUpQemw5WkZHeXZtRWVCWHRlZFVxZVRsRFE1cE5QYzRsLXFaNkdialZaclZwMFRzQ0hISUMzZ1hmSDE4M0J3eGJDcV9hWm9SWGxOSm5IeW9lNU9tVFhqblJReDZtaFdlcWhDc1REajNxVlBYVHJYaXUwdHpjODNCNXZNRzBPREk4RTVMVW5OV29OelRPakt0RQ?oc=5,"Thu, 23 Jul 2026 18:29:00 GMT",NEWSWEEK,Lost 1956 Skyscraper Unbuilt for Decades Finally Brought to Life - Newsweek,Lost 1956 Skyscraper Unbuilt for Decades Finally Brought to Life Newsweek
https://news.google.com/rss/articles/CBMinwFBVV95cUxNX2UySG13RWFIVDgwRDU4OTdYOTRhUElZUW9pNWo5UnllZjFxYjJKNGtOY0hBLTJDNFFLSTMxQTJzSmRDaXBFbDQta3FodWhHcXBhU2lIdWdRdG1PY1VpYkR2eWJVNTNtUjJYTFEweTJpeG1pMUFyeWlxa0Q0Yk9RQTg4aG9TRXAtQVFpLWExRmhPUTJqTVFJV0h1YktUMDA?oc=5,"Sat, 25 Jul 2026 16:17:00 GMT",NEWSWEEK,France Wildfires Burn Area 7 Times the Size of Manhattan - Newsweek,France Wildfires Burn Area 7 Times the Size of Manhattan Newsweek
https://news.google.com/rss/articles/CBMiowFBVV95cUxPWGJ0aXNyaFhreTdwNUlvRF8xYjhlNmVjUm9YYm9falU0dG5zOUJxWTVNTXZ4b3dobGNmRFZXc2lERWlYUkY1ZE1ab1YyR0hUYjVvR3FlWUM3YUh2TDVCcWF0bVoxZzl6c1JtcThZeU9DX05fZUpWVnNrZmJ3Z1poY0JlTGRsUlA1ZGpBSFFTTVdldlhxREpNTW5OOFdDV3M0bklR?oc=5,"Fri, 24 Jul 2026 15:40:00 GMT",NEWSWEEK,Products Most Impacted by Donald Trump’s New Tariffs on 80 Countries - Newsweek,Products Most Impacted by Donald Trump’s New Tariffs on 80 Countries Newsweek
https://news.google.com/rss/articles/CBMikgFBVV95cUxNdnE3Qy1DSTRrZl90dWhFcU1QblBjY0tVbFhPVGxYLWx6dzUyY09nOXNudHRPSHFWNl9UMEd4M3pKeURaM3VXN00yaW1PUmRVd1JVVklNUzUyVDUxRG9VbmJXc3FsSlAtUEwta2Vsd0xId1N5R0JCMkRXdW1UckNoUGRjWjVLdXNWM3ppMzFkNWtYdw?oc=5,"Thu, 23 Jul 2026 15:53:00 GMT",NEWSWEEK,"Which Lettuce To Buy, Avoid as FDA Investigates New Cyclospora Outbreak - Newsweek","Which Lettuce To Buy, Avoid as FDA Investigates New Cyclospora Outbreak Newsweek"
https://news.google.com/rss/articles/CBMisgFBVV95cUxPWG9sXzBhb2FIZlZsZzZDU2RvcVJRUGxTTU5QZGw5X2poYnhUcEtSOGZNNHBYbGZkSGI5MzVPc3RHbnJidkdlSTUzS0JQM0xOcm5CMnZxVjJQUWFkTWxsTXpBZXFNUWVBTmhtZnFqVEg1bzhaSWRhNDdJdWZZN0EtMkRpZ2VaaEcwT1l3U29RaGJlcDdhUnozeGJsN2VSek8wV2c3WWdBNGdyNHNwaDQxVjZ3?oc=5,"Thu, 23 Jul 2026 07:00:00 GMT",NEWSWEEK,Trump Rally Attendee Repeatedly Mimics President’s Hand Movements - Newsweek,Trump Rally Attendee Repeatedly Mimics President’s Hand Movements Newsweek
https://news.google.com/rss/articles/CBMiowFBVV95cUxPbWVibERLMFVUQWpmMkNnUGlJNFRzWVBfakQ3NHctX0VwYTZnUDV5YVB4RkVaM1Z1VHYyTjd6THhSTzg0R0hiM1Zua0xGcFdjUUFMVGxMNC1DQnRMSFN6UC1XSWRZRnhmdHFoQ1lPLWFtU1U4UlpfQnNKczR2YVRFNnptVTFYQlJQUy1DVDdYMlIxRFE3RTUzZy0tRU9UTUJCTmow?oc=5,"Sat, 25 Jul 2026 09:00:00 GMT",NEWSWEEK,Troy Jackson Is ‘the Gold Standard’ for Maine Populists—But Can He Win? - Newsweek,Troy Jackson Is ‘the Gold Standard’ for Maine Populists—But Can He Win? Newsweek
https://news.google.com/rss/articles/CBMijwFBVV95cUxQMUs1VzhaVXg2TWNEWEs5Y0ZBdHFFS2dLMHJHZy0wcTRvN3FyYllnVVNmVWhweTl4cHN3YTkyS3IyWkk2dGFmajRfeFlyU0lTX1RULVJqV3lxcU8ySTkwcW5taFJ5R1RBUE4xMTR2dlhoYjBmQVhZcGkzcTh4LVp5azBua0N3YTFidjFUZFJMMA?oc=5,"Wed, 22 Jul 2026 21:44:00 GMT",NEWSWEEK,Here’s why Mexico is getting priority under new US visa changes - Newsweek,Here’s why Mexico is getting priority under new US visa changes Newsweek
https://news.google.com/rss/articles/CBMiowFBVV95cUxNT2ZVcXl2Q1MxaVkyMGZsa2lSWlNXRThHVTdLcG5vY2lGaUh5UUJiTkswSUZiaUJzVnpvT0hKTjJJSWZwWEJxVTkyUURYbnk1T0ZYMmJjVmtvREpGOHo4QnRvMWczWG5tNlpTcVlMSTdDM00xNWhHS1U4Vy1mYXBrS3NaUk1peVBEVDRqRDdDTXRHVnFTVU1ibEE0enQyNnIwVDF3?oc=5,"Fri, 24 Jul 2026 16:34:00 GMT",NEWSWEEK,ICE Detains British Dad of US Citizen Twins at Green Card Interview - Newsweek,ICE Detains British Dad of US Citizen Twins at Green Card Interview Newsweek
https://news.google.com/rss/articles/CBMie0FVX3lxTE5qUHF5VmhWaWFoQUdmZ25MU3VSZXlnNjVwLVlpWkNaOEpZVTZrVU14RjNoOU55enI0WkR3SHRlbWlZTXZTNkd2U1dJS0hjdDFtSTFhaXZSbE9sN3pjS2xOM05zWTE5RVl2dnMxR1VPZlZUVDRPOVMtRnJJZw?oc=5,"Thu, 11 Jun 2026 13:05:26 GMT",NEWSWEEK,America’s Greatest Midsize Workplaces 2026 - Newsweek Rankings,America’s Greatest Midsize Workplaces 2026 Newsweek Rankings
https://news.google.com/rss/articles/CBMioAFBVV95cUxNdS01V0dZdDlfb0Y0b2RJaTVORkhTVG1GQU1ybFN0ZlpJTjlyTUk2WHVfam5WWTFSdF9UVW10akxSUlM4MnRBYUMtMWtMLUhhV1pBWXlzNms0NVBkeHNOTHdJa2ZHN0VMbk9OcHVzTTlPb25ic2lheDVwOVZBTThOT0xZbUdvZHpncDhlREo3U3VDU3FEOHlzZXRFMVNKaUI5?oc=5,"Mon, 15 Sep 2025 06:43:10 GMT",NEWSWEEK,Business & Professional Services - Newsweek Rankings,Business & Professional Services Newsweek Rankings
https://news.google.com/rss/articles/CBMiiAFBVV95cUxQV0xyYWZhbkI5Q1V0RHhaOHF3NUJ4T25XU0RpNC1IcGcyZmxYREl2aGVvZ1NxUXZuOGxBdUdyMmZiS0FMdkhJUEJoNGJ3U2pHVmI1VmZwVERSSUoxejJLZHMtVUdHR0lkbEhERkkzRExvXzZTd051Nzc0TkFHSkZMYnB0WGNQeG9p?oc=5,"Tue, 12 Aug 2025 22:18:22 GMT",NEWSWEEK,"501 – 1,000 Employees - Newsweek Rankings","501 – 1,000 Employees Newsweek Rankings"
https://news.google.com/rss/articles/CBMidEFVX3lxTE1FTWZOcXFTcENibzF0X0ZXS0tsTkxyMmthZlExc3A4d2w5NnZXY1hQUUpHV2h5U2stS1lkdVVBRU5yUUREakdUMU5hM2NtZmZlbHphWlZmYWlPMHJLSFgzTHl2dmludDhsbXZheUl0c3hadDBi?oc=5,"Fri, 02 Dec 2022 18:54:02 GMT",NEWSWEEK,MAURITIUS - d.newsweek.com,MAURITIUS d.newsweek.com
https://news.google.com/rss/articles/CBMiqwFBVV95cUxOTkZmUzlPNEMxeUp1TXBEY0RjYkdaWHV5VldHSU9ybXh0YVBCSU9ON0dMS2JDY2FpU0JKYUV1cDkxY0FVeE84dEhnaGIyb1lUZkIyMEM2aFByWjg3RDdHcWRfamxlcjJuQ3FibHBvYkRCQjJWekZTTGVELTdGd3g0eXpaRDNFUmFYcnNRdnlhQUYtdFR1bDFwem9JZE43RnA1czlFTUF5UEdGd1k?oc=5,"Wed, 09 Apr 2025 07:53:56 GMT",NEWSWEEK,America’s Top Online Learning Providers 2023 - Newsweek Rankings,America’s Top Online Learning Providers 2023 Newsweek Rankings
https://news.google.com/rss/articles/CBMia0FVX3lxTE5UTjZNMmVHeWMxY0NvMW1BanpEZlhzRGRQc3VwY2p2TEVVMVF4VmJUbGwzX3VtdWNwZ2MwZFQ3Q3hqWlQ0M09GR3dNamtBQnpKWFlEc2ROR1dfMjlhZU1JQnZnSUhGWTg3TjYw?oc=5,"Fri, 11 Apr 2025 02:17:05 GMT",NEWSWEEK,Jack Henry & Associates - Newsweek Rankings,Jack Henry & Associates Newsweek Rankings
https://news.google.com/rss/articles/CBMitAFBVV95cUxPSTdpRWlsRmkxRFpvdGxZdFV3ZmUtRDNTT3JzM0txcmd6dklhWlRPT0tMZ3FJYUN3ZERQY2hPclRYbkhhcXFHaEp1ZHBPN0RSVG5EWjRPQ2VwQWJxZFlVYzhUTFFZM2x4SV84bEJkLVpWa1E2VTVOSl8zUXJGdUJGWHpMT1NzMC0wNnU3dklBVmZfbHEwMlhxRE1KdDIxQmRvRjVPNTVuN3J6d2ZBUGVjNi12ZHQ?oc=5,"Tue, 08 Apr 2025 20:18:51 GMT",NEWSWEEK,ABPR-Sector-Business & Professional Services - Newsweek Rankings,ABPR-Sector-Business & Professional Services Newsweek Rankings
https://news.google.com/rss/articles/CBMixAFBVV95cUxOOFh0dWkycUlsbE10VlhhOVRzeFJSdF9mUnlHUTg0R3pLM0R5ZzVQc2wyNUtOcTcwZmQxU21wLVJySTRfMXF4RTMySUdaQzVRMXVFd19NTnI2OF9KekJJUEdvTzNES0NQUjhBcnVTXzM3ZHZEV0lFNTRSREFRWHRodUVuZUZXZl90VTRyWXduclhrMUhPRWxGQm5RdjB6ZTY3QU9OMXVCYWh0VTNQZ0NxdHREYWlKWHY3dF9Lanhtc1d1VDdE?oc=5,"Fri, 10 Apr 2026 20:16:41 GMT",NEWSWEEK,Japanese Companies Turn Structural Challenges Into Long-Term Growth Opportunities - d.newsweek.com,Japanese Companies Turn Structural Challenges Into Long-Term Growth Opportunities d.newsweek.com
https://news.google.com/rss/articles/CBMihAFBVV95cUxOelZ6RnlKY0FqR3Qzc3NrQXVydy1yY0ZMaWFXSTBiZjltSUFZemFtNDdmaUpoZlRZRmZmeDA0Y0VneE1JdG95elh6UFZRbUM1WjJZY1hBTzdVMTN5S25GajBPdy1GbjlzTmdqMmtJSFhMM09YdnlEanpCNXRHVDdhZUIxQzM?oc=5,"Tue, 08 Apr 2025 22:00:07 GMT",NEWSWEEK,Most Loved Workplaces in America 2023 – Rank by Industry - Newsweek Rankings,Most Loved Workplaces in America 2023 – Rank by Industry Newsweek Rankings
https://news.google.com/rss/articles/CBMipAFBVV95cUxQN3YxMkpoVTdwYjlhelczLWxXOWhsdm9VMTRUMzdHbHp2R2tGVENGaGRlaGhaZ3hZVFF0UDd4SG9HYXV2TWtlUWFiTU1YR2lSZXk0dV90dHpFSURhcDB4WWVKcmVrQ0FGUktUT3E2ZGFFVHN5VWxHU2NjczdkemxFZndfOVdqSnNxU3lmblFHNjZRbXF1ajBlNExGVW5LcERrOWdSMQ?oc=5,"Fri, 24 Oct 2025 23:48:28 GMT",NEWSWEEK,ECO INNOVATION POWERS JAPANESE BRANDS a - d.newsweek.com,ECO INNOVATION POWERS JAPANESE BRANDS a d.newsweek.com
https://news.google.com/rss/articles/CBMijgFBVV95cUxQRHhKcHF2Sk5rZEtkaWtCaS1CSDJ4SkdKTUtTdmlWekRNd0RBY1JXVzJ1OVg1MEpGNGJ3eExoMHZ2RVpwcGMyVEg2a1lQUE9HSGI4MFNSYWpXQzVQWEtCMDB1UHprNFlmNmt6TVBsWGlucUNJUDNCQ0I1Y0NUb3o5UWV1elhnMmJYbzFUTjV3?oc=5,"Wed, 01 Apr 2026 19:47:33 GMT",NEWSWEEK,Construction - Newsweek Rankings,Construction Newsweek Rankings
https://news.google.com/rss/articles/CBMib0FVX3lxTE1sQzA4bXY0U2QyZFBBRU10NlNybEh4R29yaVljSElnSm5IeC1wOHdxU2xwWkdQNVY2LTJyOUdTbGRDRXFVMjF2R2tORUNKS3pxdDRHYXdUUlBZVEV6ZlFFYUs2YXJyUzJzam5QOXJtRQ?oc=5,"Sat, 03 Dec 2022 01:24:18 GMT",NEWSWEEK,India- Now Is The Time - d.newsweek.com,India- Now Is The Time d.newsweek.com
https://news.google.com/rss/articles/CBMifkFVX3lxTE5QcEtRaEVrcncwVGdXQU1ldkJyRGNjcDR4VkhUZXJQVDVTRlNyN3M5WnRxRzB2VVc2bm1oQXBFWEpMcU1pTnZoZ2ZLellwUzBxc3JvWUxCRXRsbG9qdy1obFl2LTU3TW5iZjV6aDJnMnFHMFB5eGwyeVBxUlFBZw?oc=5,"Tue, 08 Apr 2025 15:27:51 GMT",NEWSWEEK,America’s Greatest Workplaces for Diversity 2023 - Newsweek Rankings,America’s Greatest Workplaces for Diversity 2023 Newsweek Rankings
https://news.google.com/rss/articles/CBMiXkFVX3lxTE5QTU9wbkhaWHFLVVQwamU2S2NaQW5QU2JtNF90OGtoTUdBNURYNjB4am9TRU1kS3hWcDQwMmh0bHdZbDdQSHhrbTd1a0xMTGdOc2tCTENWOUhWVXh1NkE?oc=5,"Fri, 11 Apr 2025 05:10:06 GMT",NEWSWEEK,Dock Street Asset Management - Newsweek Rankings,Dock Street Asset Management Newsweek Rankings
https://news.google.com/rss/articles/CBMioAFBVV95cUxPRGlKdzFpdVE1ck1xM3FhdTF0Y3FlQTFwZk1rLXBVRHpJdjVvMTZTekp6Mk9uOTlsSnpEUTUxWmtucFJ6TWdLcXFndVNUT2dheGQ4MXNfTVBWazB6QlJxcHd3THpTMl9NSzRRaWRoQmdiZE85LU5pSWNkMjlzNWpNVWNMcklKZUNYZWJvbTdJYU54V2s4RTZCcFBjY2pURlZK?oc=5,"Tue, 08 Apr 2025 16:38:08 GMT",NEWSWEEK,World's Most Trustworthy Companies 2024 - Business & Professional Services - Newsweek Rankings,World's Most Trustworthy Companies 2024 - Business & Professional Services Newsweek Rankings
https://news.google.com/rss/articles/CBMidkFVX3lxTE1oeE1MVDRUMnVRUGRjeXZacC03em9IMFFjOTJybHZFS0ZJZnIzZ1E3ZnJOM0F0QnREalloRTVVclJZcGZKV0FtRW1UQ1NEZmJad01KZk41VlNCTnRQcGxRZGV5Q0JFSm95S0ttZ2dZYkNqaWh4emc?oc=5,"Tue, 08 Apr 2025 11:40:25 GMT",NEWSWEEK,America’s Most Reliable Companies 2025 - Newsweek Rankings,America’s Most Reliable Companies 2025 Newsweek Rankings
https://news.google.com/rss/articles/CBMiZ0FVX3lxTE5IWTExWEVqTU1SYnNQMkhxUlhmSTVJSWRGUXVLRmxnRDRaVThaZXJsT01PbHhGYV9OYUwwaEZJY2NnN0JXNVFKeXBhYWxVY2E5Z1BLR0tkSVNJTlZxUnBpNWplUHBFekE?oc=5,"Sat, 14 May 2022 22:04:43 GMT",NEWSWEEK,Belgium - d.newsweek.com,Belgium d.newsweek.com
https://news.google.com/rss/articles/CBMiogFBVV95cUxNN2xMZ0hwbWNjb2FGaXFvZHBLOE9jVlVaemc5by1BX08yRHNKc1EzRkVucTBuV014UVZNdzhoQWJ4eW1tbDUwZXhOMDJTOUtmal9xbDZSOG9YSE5rV003d0MyTkYtVnR0QjMxQTk4TVBxYm10RlFLa05mVFN0cW1tRmN0UEhiWkl3UjFjWHVsWmNZdFRQR2VWaF9qOUlMQzVVaEE?oc=5,"Thu, 24 Oct 2024 15:37:16 GMT",NEWSWEEK,Master Template - d.newsweek.com,Master Template d.newsweek.com
https://news.google.com/rss/articles/CBMihwFBVV95cUxPNE9aNDNSSTI1WTZkTC1leURsSVZwdHVCbnR1blp1RHp0b2tJWFp6OWkwRmhOUEI4cTBDVTg2b3IzdXZuTmM1UlhBYXVYNGdLZzJkVU5IeFpqWV9kVWhwYjZiOEwyMzZ3ZThBb3VtZTdrZ0Q3c2hrYl9fQ2pCb3N2ZUV5Y1NxRHM?oc=5,"Tue, 08 Apr 2025 10:46:56 GMT",NEWSWEEK,America’s Greatest Workplaces for Parents and Families 2023 - Newsweek Rankings,America’s Greatest Workplaces for Parents and Families 2023 Newsweek Rankings
https://news.google.com/rss/articles/CBMiiwFBVV95cUxNYUZQRFdGRmtwUk0zTjBWNEUtZUpQYUFiZVlSYUY4bno1MU5FSy1SN3lqYzUxLUJleGxBaDFUR3ZNWUZwT08wdTdtLW9OaHBhMHRHczdPbUYtWEZoYTFWTE5heDNHM05vdGN3MHhiUnRhUGRIVF95T3M2ZVprbUh2YmxBR0VPOWNRY2NZ?oc=5,"Wed, 22 Jul 2026 17:44:00 GMT",NEWSWEEK,AI is Rapidly Altering Business Lending Decisions - Newsweek,AI is Rapidly Altering Business Lending Decisions Newsweek
https://news.google.com/rss/articles/CBMiiwFBVV95cUxOakRiM1hIWXkySXFkQV94ZERMOG9TYmkwMldBTkZ3TnQzSGdDUWFncEI2eXNFcFhhbjZGdzNhLVYtbnJaYXpjUk44T3Y1U3FDTFRTWXNULUkzajhGX0s2RGVFQkpUNkxLTV9heVpPT0o5ejF0Zjk4ZDFIdFRkWmxFZ2VBWDJORHZVS1JV?oc=5,"Tue, 18 Apr 2023 07:00:00 GMT",NEWSWEEK,Five Key Themes for Today’s Healthcare Business Leaders - Newsweek,Five Key Themes for Today’s Healthcare Business Leaders Newsweek
https://news.google.com/rss/articles/CBMibEFVX3lxTE9jc0ctWVRUV0dDZ3UwM0NrZWhfWkUtcEFyZHpuYXY3cWlxN1JBOHlqM3ExV0t2V3VnaXpFV2ZTc2owS1F2MGUtRlNJdWoxX3dKWnFlNjNWSTFCSG1RNWJfSGwzS3F1cklkWWNpOA?oc=5,"Tue, 08 Apr 2025 12:00:06 GMT",NEWSWEEK,Newsweek Excellence Index 2024 - Newsweek Rankings,Newsweek Excellence Index 2024 Newsweek Rankings
https://news.google.com/rss/articles/CBMirgFBVV95cUxQclJMSC0wVDVWSk11d3hIcGlSQTk3blAyM3E2RzZ0Nk9tZUpXQS1QejdJclNaYXhxcERrVW1NTFU1Slk4UldXRVhOMWtSYm8yc0hyXzJzRlJpazRPeEQySXBVd3NWWE9zUVN1YnN2c1IwNktmbkMwbC05NnhsZzRYdTdjYklDdGw1M3pMTmluXzRXcGY3bmtSa2xhVjRydHg1aXgtZ20yV25aNmxjdXc?oc=5,"Thu, 14 Nov 2024 09:18:34 GMT",NEWSWEEK,PASHA Group: From a Family Business to a Multibillion International Conglomerate - d.newsweek.com,PASHA Group: From a Family Business to a Multibillion International Conglomerate d.newsweek.com
https://news.google.com/rss/articles/CBMieEFVX3lxTE5XUERfcUo1eTVodmlRaWJldjRfLVQ4Z0hqT0JrYU9takloRHdSM3ZqZjBtcGZ6QjhEdFlPMXVvQ0FSdTBGOFplejdWakNuUm9xTHoyb2RRaURuN3ZFZHEyckdHNC0wRUJZLWIycUlIRzk5NWI0REtPVQ?oc=5,"Thu, 14 Nov 2024 08:00:00 GMT",NEWSWEEK,Guatemala p1-p2 GT News PRINT OnLine 14 Nov.indd - d.newsweek.com,Guatemala p1-p2 GT News PRINT OnLine 14 Nov.indd d.newsweek.com
https://news.google.com/rss/articles/CBMifkFVX3lxTE5NN3RsM0ZPVXd2amlnN0dkQlFYMzEzMjhvWFY0ZERLU0hJRTZ5WTVFbkM4c3R1QzZBNm1pSXRpa2Nzc1hSRFUxbHg1eTA3M2VSTElGX013NTg5czFCSUNHV3JaLU5XZGtZRENPdEo4TVhONnpVMmNEM29teWx2Zw?oc=5,"Sat, 03 Dec 2022 06:28:12 GMT",NEWSWEEK,Takahashi Metal: Making unique products for diverse business needs - d.newsweek.com,Takahashi Metal: Making unique products for diverse business needs d.newsweek.com
https://news.google.com/rss/articles/CBMiXkFVX3lxTE9GVnh0Z3B2WF95WTdPVGdmM1BpSzZPcTJ4YVl3ekdqVkxaeHJoS0xEUWNLejA0ZndIWVZGeDhJVkYyMXVsTUU3WjlLX0RNYUtkNkJFWWcwaHBqellaamc?oc=5,"Tue, 07 Apr 2026 22:16:49 GMT",NEWSWEEK,AI Impact Awards APAC and EMEA 2026 - Newsweek Events,AI Impact Awards APAC and EMEA 2026 Newsweek Events
https://news.google.com/rss/articles/CBMia0FVX3lxTE1YaW1PcnBxNWVxT3Ryb0pSbHpBbWNCR0Fld1RNSVozOVF5LWxiX2x1NFlFOWRSVTJreDlCenY5Y1JEWUpIaWFwYVo2dy1XUFRaQkI3NjVWOEZyYzJHYkprLTN6SDRiWTE4ZUM0?oc=5,"Wed, 15 Oct 2025 01:12:26 GMT",NEWSWEEK,AI Impact Awards Overview: AI Impact Awards and Summit - Newsweek Events,AI Impact Awards Overview: AI Impact Awards and Summit Newsweek Events
https://news.google.com/rss/articles/CBMia0FVX3lxTE00cWg1UGIzWjZ6cmxhZVVlaXdfNGZpeUNfbGlFMktCRTNPU2NLeU5YQ0QwWTBCMjRWdjFJckVIdlFOUjh0UWNqNmFwS3gxVDBSbE5uR3hPdG1KNHNyWTJheUg4eXdleTFxajhB?oc=5,"Wed, 16 Mar 2022 11:39:03 GMT",NEWSWEEK,Ready for a new world - d.newsweek.com,Ready for a new world d.newsweek.com
https://news.google.com/rss/articles/CBMiqAFBVV95cUxPdjgzWXN5UWQ4bWVhbDRBb2tfdldsUV9UdVo3X1ZKcDk0emY2aXE3LXdkRk5hN1lYd01DQWZIRU1HMFhJdWlIWGc3ZjVweHNVODZGczhHejFpM0YzQUt1RFlRLUdCbnhlcU9Rb3JmM2J2RktUZGJ4SGFTb3dxMzcwcXk2RzBlYkdvaXFlQXplNmd5TldTa3ZfV2V4WWZHSzlmeTRJSGoxbjI?oc=5,"Mon, 29 Apr 2024 07:00:00 GMT",NEWSWEEK,The Corporate Transparency Act Means Jail Time for Small Business Owners | Opinion - Newsweek,The Corporate Transparency Act Means Jail Time for Small Business Owners | Opinion Newsweek
https://news.google.com/rss/articles/CBMiQkFVX3lxTE11U3dZQURpTEhNeWZoMWNOblh5eFB1bHF6NzF3T1B6enNCTzFndmZMMHp5N1dLYklqMHF6M1BoclY2UQ?oc=5,"Wed, 03 Jul 2024 23:18:43 GMT",NEWSWEEK,Upcoming Events - Newsweek Events,Upcoming Events Newsweek Events
https://news.google.com/rss/articles/CBMiekFVX3lxTE01b1JIYkZyZ2VPTzBMemxINE9rT0l1alBwRzNhZHlPX2x0T0VhR0hOME9yOVZFVng4UDFqMFNmRnZVbzhXZGp1ZTVDZkRFcXVRRkxlVVFRZEtaajB6cFMxV2pqUDl4UG1mbURqeE1WUUJVVXotY25VVHNB?oc=5,"Tue, 08 Apr 2025 11:37:23 GMT",NEWSWEEK,America’s Most Responsible Companies 2024 - Newsweek Rankings,America’s Most Responsible Companies 2024 Newsweek Rankings
https://news.google.com/rss/articles/CBMilAFBVV95cUxQUWNzWWRHWkpHaDJVMWtEVmI0cDVIVlRqVXlXUnh1bDdLNjZBTWJCTV9nZ3Y0Zm9BNHJlbHZWWDFZLWFNa2ZpX0dqcFFJOTRfVXpFSk1JU1d4WjBfSTQ5RUc3UmJ0bjNyWWp6akxzUHJ5dDVXRlBxeEhwWmRPQmdUb2RZODlUWExWcWhCN2ROYjhOMUYz?oc=5,"Tue, 07 Apr 2026 23:05:25 GMT",NEWSWEEK,Aerospace & Defense - Newsweek Rankings,Aerospace & Defense Newsweek Rankings
https://news.google.com/rss/articles/CBMiqgFBVV95cUxNNnJxUk9uYkxySWJhZGdUdFJZTVdEX0RKN21KakVuZlB5eVpJQm5nMXV6RUl4TlIzZTVSVXZ1aERFeVR2RXlTaHN6WkwwZHp5a2tBU3BmQ2V5dDBMNEpXWVdOMEt5SnZvSnZWOEgyZFJtRHg1YlNjcThBV21tVmF2VU9ySnFkN0xzdzc1a0VMTzVZSGxyX2tLQVJFR0VjSFREU0haSHlwWjJMQQ?oc=5,"Wed, 08 Oct 2025 14:42:05 GMT",NEWSWEEK,Agility as Strategy: How Korea’s “Ppalli-Ppalli” - d.newsweek.com,Agility as Strategy: How Korea’s “Ppalli-Ppalli” d.newsweek.com
https://news.google.com/rss/articles/CBMiakFVX3lxTE9hdVY3S1JMSFBIb0d2eVd5QjFpeXE4eHpoRU1EaVlZQ3lDMk1tcGs4SDVhdnRSbmlib2ZuSXUxTE82VW1nbkpsNW5ITkVMNTktU19nY3ZWektMRVA4SUM2d3laR0NmVDJHSGc?oc=5,"Thu, 02 Oct 2025 14:42:12 GMT",NEWSWEEK,IN THIS REPORT... - d.newsweek.com,IN THIS REPORT... d.newsweek.com
https://news.google.com/rss/articles/CBMia0FVX3lxTE14ZUpqaVl3ckx1bzdLQmxxZUoyd3IzWHJsMHIwQThweUxzc194QmZSVkVFR0pFaTVaaGhDTDV2aTBoWWZJeDNBMEd0YnBiaTk0c2JvWGRBdlp3amVtMUl4YWZ0dURibWxBd19R?oc=5,"Thu, 02 Oct 2025 20:09:32 GMT",NEWSWEEK,Women's Global Impact LA - Newsweek Events,Women's Global Impact LA Newsweek Events
https://news.google.com/rss/articles/CBMibkFVX3lxTFBJZlF1VjVaSEVzMHlYLVBfakF6M1o2VWFwMFVSTGJ5YmhlaUsyOHJDMW1WaDJ1Y2pHdHIxaXNIcDU5U0FwTHUySXhSOVVvTV9qNHlZdmw2aFRuQUFFMTJ2am5tamg4Uk43ZW40cHZn?oc=5,"Thu, 02 Oct 2025 00:06:59 GMT",NEWSWEEK,AI Impact Awards Entry Kit: AI Impact Awards and Summit - Newsweek Events,AI Impact Awards Entry Kit: AI Impact Awards and Summit Newsweek Events
https://news.google.com/rss/articles/CBMirgFBVV95cUxNT1J4TDhQLU5tVmpRcHF1Y3FWWVVQUE9VRkZMdVRjTExsdHRWaHNrTDdKckNUUjhCZ1ZNXzREa2lfZjhUOGRscGxsRE9iT21qWnRhWWxKV1UxOG1EWFczSzNFS2tvQ1ZiMkJtbWRuQkJwVVpNUXoyeGh3VmlfaHdRek5lUlJMNERDeHpNd1Q5d3VKV1Q1MnhITVUtSVNrRnVaUjJXVDRINHlfM3B4WHc?oc=5,"Fri, 23 Jan 2026 23:14:50 GMT",NEWSWEEK,"Demographics, Governance and Digital Transformation Push Japanese Companies Toward a New Era - d.newsweek.com","Demographics, Governance and Digital Transformation Push Japanese Companies Toward a New Era d.newsweek.com"
https://news.google.com/rss/articles/CBMiaEFVX3lxTE9SS2NNV3N6ZGlpWFVyaVh2anRTMUJoaTN1cEN1X2RVTnJfNTJzQWFBMUdpMEFlVDJ0SG01T3lYUEllUjZGenZWTGliVWlXWWJGaEJLWlZYQnRXVTlGbnNDNGJKcXhnd1J3?oc=5,"Tue, 08 Apr 2025 11:55:55 GMT",NEWSWEEK,The Most Trusted Brands in the U.S. 2025 - Newsweek Rankings,The Most Trusted Brands in the U.S. 2025 Newsweek Rankings
https://news.google.com/rss/articles/CBMieEFVX3lxTE1Gc3A0Um1kb0hKb2FaaXNXa2VWY1dYYzV0MTBPU0JrNGVLcUduLUpsWWFLaGh6SnRjOUV4bk1CRFNVSnZWY2RRME1PVmozdlQ0T21LeDQ4dm4yQnViTGdrSXdqb21HOHptbTFNazZ1M1NLdGJMclAtcQ?oc=5,"Tue, 08 Apr 2025 11:17:28 GMT",NEWSWEEK,Most Trustworthy Companies in America 2025 - Newsweek Rankings,Most Trustworthy Companies in America 2025 Newsweek Rankings
https://news.google.com/rss/articles/CBMiwwFBVV95cUxPLWJBMzJHclZVbFdSTnUyV1Q3bjJJUWt0c2dmYkU0MlBjZ1pMT3pITzhkOXlaYmhCcGg5aEtWb3UwdVdiMy1qSFJOTnZhX25xRnpXQTNNVEJHUWVRQ0dsY2FXbVlLTWczNHltQ0lxbmRxUDJTZW5xVlp6bWVJcjZjQllreDZLUTZqcE1vVVRJMTNuZ29ja21JOHVRQ0pQdHZtSC1wNF9oX3hSSGFLQWtpek1zUVZqRUdsSjVSWHFKYjF6alk?oc=5,"Fri, 23 Jan 2026 23:14:50 GMT",NEWSWEEK,SLOVENIA - d.newsweek.com,SLOVENIA d.newsweek.com
https://news.google.com/rss/articles/CBMidEFVX3lxTE1NRVNYRWZIb1kxS05yeXJubDNob2hqZkRrR3J4N1pyY21kQXV3R3paYUFYYXIxWjVqSU12aDhZekZYNzZkY21zTFVnVENhUlg4X1pQZjMwQi16eEdRd1hIVUtmVFpQb0swTS1BNXBrTUoyVG5w?oc=5,"Mon, 19 Jul 2021 04:04:24 GMT",NEWSWEEK,Tikves Winery Print 28 Mar.indd - d.newsweek.com,Tikves Winery Print 28 Mar.indd d.newsweek.com
https://news.google.com/rss/articles/CBMidEFVX3lxTE1DY2lneWt1bmNsYU9MTS1Pb1RtS1JXYWlYY2toRHYtaHNHNnVqakl1ZG9BVkMwV3pRVG5kTlpRUnBvc3B5OG1IcTdGYmJxTkdQTXkwOEtYc1FwemRWQ2xwM2lPQjBGclU4cERxcVRGaUJQdTBD?oc=5,"Sat, 03 Sep 2022 16:06:41 GMT",NEWSWEEK,Malaysia- Towards a High Income Future - d.newsweek.com,Malaysia- Towards a High Income Future d.newsweek.com
https://news.google.com/rss/articles/CBMiiAFBVV95cUxQZTFzRzRUaDNKc0c2ZElHR0lSV3BMQWxhS2VvdTZmNDZ5NG82S0l0X0F0cHUwMGR3Z2pwUExjb2lfQkRkMzBtS0ZEMXp0WGdJV1RjM2VSeTlYcERvS3VER0xxYjEtYWhZWlBKLTZHcXlFbHNJZnA2Y3FuVXJYQU5PanpDTHBIU2VG?oc=5,"Mon, 12 Dec 2022 01:31:10 GMT",NEWSWEEK,The Philippines- Reforming To Grow - d.newsweek.com,The Philippines- Reforming To Grow d.newsweek.com
https://news.google.com/rss/articles/CBMiTkFVX3lxTE9VNGFuTlFmOUJiOGptcWNWSW1DS2lZN2lLWjg0Q1VjV1k0SjBTZXJRbVZCb3Z2aVQ4MThXYkxyb0EtSXcxMGpuVU9yMnhaUQ?oc=5,"Wed, 19 Mar 2025 10:37:07 GMT",NEWSWEEK,Home B - Newsweek,Home B Newsweek
https://news.google.com/rss/articles/CBMieEFVX3lxTE50bnlmR1ZpNkFkM3hrMlBCQUExY3o5Q2d1X0toaTZXSVFZY2ppNzJoWDdwdDdtZkVwbVhmZFdTOU8yYkJSS24zUFFhbGNjZENwYnJRRWo2Z25ZSmpOVXhWYV9rSEZ1Vlo4WVoybGwtOE5jMm9TQjVHTA?oc=5,"Tue, 08 Apr 2025 11:30:08 GMT",NEWSWEEK,Canada’s Most Responsible Companies 2025 - Newsweek Rankings,Canada’s Most Responsible Companies 2025 Newsweek Rankings
https://news.google.com/rss/articles/CBMikgFBVV95cUxQc25fZDdfeGFURFM3c3lIX1p5ZndSa25lblo5WENlR0FNMzlSdXlfMFdoN1JlRkFHRGVnT2hGdEl6bEZjdW1rUG1rSHRWQmxlN21zNE44aUptM1pFVW53OXBMNmpRdUdUc2xteWx1dkZmQTAzdFNSM2RVU1ZCUmtiMVNFcTZ5LThPM0hVVUpzaDhaQQ?oc=5,"Wed, 10 Jun 2026 14:50:51 GMT",NEWSWEEK,America’s Greatest Workplaces in Professional Services 2026 - Newsweek Rankings,America’s Greatest Workplaces in Professional Services 2026 Newsweek Rankings
https://news.google.com/rss/articles/CBMisgFBVV95cUxNQ0dyUG45dDRZdkMyNkR4WGNqYnhjdHhBZmxaaGItRW1VeEs2UmdVenMtS3lyVGVfNG9ZVkg4bWd5WlN5RHo4ZVpWWHdtWHRQbmszN3l4SEd6cTNSV3lzWkVPSS1taTJTTWttek02SHBOdFBwT1VlN1IyYi1VM084TTZzVHlXdUlJOFhHN3dtVW5MVXE1bmVKaWZvYmttZTNKanFzUDIwYzNmLTc5UWdVN29B?oc=5,"Fri, 01 Aug 2025 10:18:33 GMT",NEWSWEEK,Rapid Workforce Solutions for Japan Global Labor Lessons from Japan - d.newsweek.com,Rapid Workforce Solutions for Japan Global Labor Lessons from Japan d.newsweek.com
https://news.google.com/rss/articles/CBMidkFVX3lxTE80bzlSaGVvaG9WaDBIZ1JfVWx4aENNaHlwYy1TY3B6ck05a3hadnJLZFdHc0xVaXBoR2d5eE1lT3B1RnRjU0RKbWVjY0t4ZXdwSzJxOU9LdW5rcjhlNnV6STA4X2dNVzVYOGd3RFVYMEcyQm5yV2c?oc=5,"Wed, 22 Oct 2025 13:51:31 GMT",NEWSWEEK,America’s Most Reliable Companies 2026 - Newsweek Rankings,America’s Most Reliable Companies 2026 Newsweek Rankings
https://news.google.com/rss/articles/CBMib0FVX3lxTE9Rd1FlRU0yVDgxZDNIQzlqWUJpUGpNOHpLVno1eUl2MHhPc1N3MXVIdTZmZi1HazVYZ0ZabkRqNGFibDIweXNSS2p3VlczUXl4QTVWVDhpT2xYdEZjNDlmRlhueXc2a3E0OEpZTHhKOA?oc=5,"Mon, 17 Jun 2024 07:00:00 GMT",NEWSWEEK,The M&A Failure Trap June 17 2024 - d.newsweek.com,The M&A Failure Trap June 17 2024 d.newsweek.com
https://news.google.com/rss/articles/CBMie0FVX3lxTFAweXp4d3o5NDJaeEZiWjJhdFI5aE5UUEF3c3ZfM05TbkJBQkZ1Z2diVzBIN25nNXM2WXdoSWNSV3N6bGZsQTJaNzREQmFIakRMdTk2cVZKRnZRRHE2enFzT0JYYXBKN0dsNVI2ZzJKNGh6RGhVVUY3N0ViUQ?oc=5,"Thu, 09 Jul 2026 13:43:54 GMT",NEWSWEEK,America’s Greatest Startup Workplaces 2026 - Newsweek Rankings,America’s Greatest Startup Workplaces 2026 Newsweek Rankings
https://news.google.com/rss/articles/CBMihgFBVV95cUxPTHBTTG4xTTFLN2Rwck8zUWpCQkgwZDBSdXRFZFFVaDktWTVoZ1lxMG1OaE5iV3ZnZndJZXY0UllnLTZKUkRWTW5uS2ZBNzM4cFo2WkVmX1JhSWFjdm5WaFd4NFdYeURlSUVUa2V4N2ZHQkVOdW5QbVVQeWZGSWpKUnE0ZTRGZw?oc=5,"Tue, 28 Jul 2026 13:30:00 GMT",NEWSWEEK,"Map Shows Cities That Have Rejected, Deactivated Flock Cameras - Newsweek","Map Shows Cities That Have Rejected, Deactivated Flock Cameras Newsweek"
https://news.google.com/rss/articles/CBMinAFBVV95cUxQbWthYXoxUUdpX0NRNTY2ZUhqUWtjdlJrMWtnNG84UW9rR1BvWU1MdGVWRHhscUxqVUU5QnY2Tm81STBPUnpaVV8xZjZKcmt2TkJKU2VNSk9RUTBqU1MySk5GTEx0MjdTVG1MNjhDZC12cTNqZFlOYXJXc1B5ZTlWSWxDODRGZHh1Zmt6VFlzWXZNUDkwNW54OUQ1SnI?oc=5,"Wed, 29 Jul 2026 10:47:00 GMT",NEWSWEEK,People spot ‘create a war’ detail in new Pentagon photo - Newsweek,People spot ‘create a war’ detail in new Pentagon photo Newsweek
https://news.google.com/rss/articles/CBMimAFBVV95cUxPclZhNGRBSnc4WkNHS3RWejhnaUltRlNMd2lla0Z1RnN6MHc3TFRlc081dUQ3YkY3bGRpS1g5SHluV1VtZGVIU2tXMDZuTEZlYkVqdnktVEZhUlNUcjQ1TzFsUVhUS243bjJFeHFxaWtwalNJN2ppRmdaQjVSOUtiUmZWUmdrdVBtdVRVZVdYRm1mTDdqZVpIUw?oc=5,"Fri, 24 Jul 2026 15:27:00 GMT",NEWSWEEK,Sean Duffy Proposes ‘Freedom Cars’ for Americans—What it Means - Newsweek,Sean Duffy Proposes ‘Freedom Cars’ for Americans—What it Means Newsweek
https://news.google.com/rss/articles/CBMiogFBVV95cUxQa3h6YnBPX1l4bExsWi1VUk5UODJrTzFBbXYyeF9SSlI3b0hFZFN1cEltcUx5ZXBIcFVmbDFIcF81NElNcTZKQXdKc1NzQ0ZUcFhRVlJhZHNwV1Jmelg2X05jSl9uYUszRXVvcmM1RUtELXQ0UUNHc3NMNW1MNEhXcU9Nd2xVdG9iV28yM2RWbXZpVGl3SnU5Y2w3NWFybGlFRkE?oc=5,"Thu, 23 Jul 2026 12:14:00 GMT",NEWSWEEK,US and Israel Military Integration: What NDAA Vote Does and Does Not Do - Newsweek,US and Israel Military Integration: What NDAA Vote Does and Does Not Do Newsweek
https://news.google.com/rss/articles/CBMirAFBVV95cUxQcmgwM1c5YXM2U3Y1VmVnSTFMcjRJZFZNTEZYSDZVOHpoa3lWTkRneDhIR1hETUFUemJyeTlkSjNEMWpZMkEtRE9fbUJsaGhRNlpMYTB6Qi05U0YtTjFIZll1SU5qSTNFX1BjOWh2UGxFV0QzbllyTWdzZklqZkc2ZHRoZmotR3Q5bVV0T0FzUTF1NEotOVFVWHRVaDBRdkZxVEdoazRvMWlIeTRD?oc=5,"Fri, 24 Jul 2026 17:19:00 GMT",NEWSWEEK,Trump’s Saudi Nuclear Deal Fiasco May Finally Push Ally to China and Russia - Newsweek,Trump’s Saudi Nuclear Deal Fiasco May Finally Push Ally to China and Russia Newsweek
https://news.google.com/rss/articles/CBMingFBVV95cUxPT1hwUUVVdGdoWGFKNFl6SVVMS29wM3J1UjRxbnQxcFhmcjI1MlVtNU1OWGptT05KelU4Y1BNaEo5MmdrcF8wWW9xVjB0b0FFMjJ3MzVxUjNRSW9fNW9zeU9uY2ljc0tleUNUcF9NX090UERtUjB0aEVHNndFYWZVZGp2UTBCa2FZSTJaVW1kUWw0Qlp3bTFkazIwanh2QQ?oc=5,"Mon, 27 Jul 2026 10:50:00 GMT",NEWSWEEK,Trump Admin Moves To Scrap 50-Year US Radiation Safety Standard - Newsweek,Trump Admin Moves To Scrap 50-Year US Radiation Safety Standard Newsweek
https://news.google.com/rss/articles/CBMijAFBVV95cUxOTUhRLVV6Z0J0VmFmZ3hEYTB5UDdoeTBKb2NCSDNPWnZNNW9qRWZUYVFlNUVUQlR4cHVtcWl3QkkyYVVSR3dCaEdWY0dReFBNQ29MVTZNUjZILUI0azlzUkstbm1wbnJZaFQwNXhVdGdabkVDTUtjcVdGajg0V29uMmFiZHZNRi01elN4NA?oc=5,"Tue, 28 Jul 2026 16:58:00 GMT",NEWSWEEK,Ukraine and Iran wars are merging into one crisis for Trump in Caspian Sea - Newsweek,Ukraine and Iran wars are merging into one crisis for Trump in Caspian Sea Newsweek
https://news.google.com/rss/articles/CBMikAFBVV95cUxNdG9idVRGS1J6bjdnWXpxb2lsT1JhWFN2YjdfSWlzR1JOaVIwNllOODlTQU9MOHE0S0NQTEkwb3VvQm1KbUQwOURhbVNVeTVaUnlBV1pMdm9ndE5IQlZVbGhBVVBfb0x2YmFjd3F3OWVBQWJ1UzNwSHJFREw2cHBFeFZhOU9oaEluTTNxeGRFeVA?oc=5,"Tue, 28 Jul 2026 15:54:00 GMT",NEWSWEEK,Michigan Residents Sue Over AI Data Center Noise—They’re Not Alone - Newsweek,Michigan Residents Sue Over AI Data Center Noise—They’re Not Alone Newsweek
https://news.google.com/rss/articles/CBMihwFBVV95cUxPbU1OTTZRaE1iQnp4bmVBUFN1UmxsSW92U0wwTTFRRWRQeGtyNHVzRFRFV0x3V2loeDlUYXlldDVRODhfZ3pfdVpjbk8yQVkwZGRJTnJ1U2hhNzBYcWVPbE5ST3ZURWdSSGF1UVR3SFlJWlhvYnpuODNYWWlBV0o1RXdLMlpEVWc?oc=5,"Tue, 28 Jul 2026 10:00:00 GMT",NEWSWEEK,10 House Seats Democrats Could Flip in 2026—And What the Polls Say - Newsweek,10 House Seats Democrats Could Flip in 2026—And What the Polls Say Newsweek
https://news.google.com/rss/articles/CBMieEFVX3lxTE1SenEwckZYM284dm8tZXlIa3BYVzJ1aHlLdi16ei1MaUFIOEFGb2RtQW5sOXFUb3YwVHF4SnBBQk9fRVFaTWo1SVJHa3FzczhmLU5IbVU3Uk14Z2NmQnJ3Z1JhWEdSdWpHaElQYVNTb1BINGNZWnk5WA?oc=5,"Mon, 27 Jul 2026 12:58:00 GMT",NEWSWEEK,Ukraine Is Becoming the NATO Ally Trump Wants - Newsweek,Ukraine Is Becoming the NATO Ally Trump Wants Newsweek
https://news.google.com/rss/articles/CBMipAFBVV95cUxNTTE3M1VGY0s3aFBQcjFZX1hpR3ZKSk1UVjh0a1ZLR243LWVpZGVGLXVxSmxiMmZxbmM0ZmFGOVQxS1h5dWxZaktyMkZXQVJReGtqMnU2dmVzRW9IdTVvM1BmSVJYaVRwM0hnQkhoOHEzUkhHUnkwYnlEeXBsREI4dDNQaEJJby1xdnppblZZeE5wRXh1ajRwY3VxRmtraUpzY2MzMw?oc=5,"Mon, 27 Jul 2026 20:35:00 GMT",NEWSWEEK,"Trump's Michigan speech interrupted by ""pedophile protector"" chants - Newsweek","Trump's Michigan speech interrupted by ""pedophile protector"" chants Newsweek"
https://news.google.com/rss/articles/CBMilwFBVV95cUxQelhVbGpGWWhRb1dfTHZNZ2lIMWxYZW1teGhLZzBrSUxjMFRhTHhycy1DdUJMNUJpaE1NNnoxZ19IdXBGVU1wM1J4RS1wRG5od2hiWnJIcW42WlVwZ1JSMVRXWkNhc21yVzBFMVFDN1N0aHpVV0ZsQUR2UGJRX0hUU001SkNlZGN6SExiTllDOVp4bDR6TGJR?oc=5,"Sun, 26 Jul 2026 20:00:00 GMT",NEWSWEEK,Dietitian Says People Trying To Lose Weight Keep Making Same Food Mistake - Newsweek,Dietitian Says People Trying To Lose Weight Keep Making Same Food Mistake Newsweek
https://news.google.com/rss/articles/CBMipAFBVV95cUxQLWlJeFdwVDhIdGRJd2hPRHR2RGE0eUt4dDRqUTlTNkhZUW80MGN6Y1J4RkU0WG1jMjhyTHQtRFVWZ1pUT0tjTExHbzhNWGR2OTFucldDVEFYbExCM0dJZkQxMG1kT2NhLVhsaWkyTjU5VVdkaWtaLU1vQWZWMmdib253RkVfWXZ3TE5MWU9NTTlPaGpNQWJlNHNTbzE1YTFobUNoZw?oc=5,"Wed, 22 Jul 2026 22:02:00 GMT",NEWSWEEK,JD Vance's chances of beating Marco Rubio in new 2028 presidential poll - Newsweek,JD Vance's chances of beating Marco Rubio in new 2028 presidential poll Newsweek
https://news.google.com/rss/articles/CBMilAFBVV95cUxQdmNyb25RUHE3d09xdGVWdzE2VGVJbmVSMmRFV1E0TXIzcjRhUS1VNzJJNlJrUFNWd1kwSHF3RVh6a3Rka2JyaUVNLUtDUXFSMnpvWVlLcExNcFRMcGs3TGx2N3ZabzlXNkFVTkpuTTBuN3NWUW9WRG0tVTNzZkkyRDA5ckQ2Q1htbzlvX202d0lIbk5i?oc=5,"Tue, 28 Jul 2026 12:40:00 GMT",NEWSWEEK,How Donald Trump's Approval Rating Compares To Joe Biden's - Newsweek,How Donald Trump's Approval Rating Compares To Joe Biden's Newsweek
https://news.google.com/rss/articles/CBMiqwFBVV95cUxOTWJCMmdmdllFOUpmNGh0Tk01Ny1uMWc5Snk5OWhBSWc1aERjNGdlSk44cENwRWw1LWlGekhHU3hadmgwTVE2cEMyX2JTVmNDUlFhOHkxSGhJWm1IV3dDLXBQRTc3LVpPd20wWUd4Mkljd1A1M09Kd1dXSG5zTmRYWEMtTU1RbFRpNC12UzRWb1Vmdm0yWF95c0t4VzV6WWd6VHdjNzFRSHFHSXc?oc=5,"Tue, 28 Jul 2026 07:03:00 GMT",NEWSWEEK,Who is Kristopher Karolkiewicz? Michigan Man Tied to Family Murder-Suicide - Newsweek,Who is Kristopher Karolkiewicz? Michigan Man Tied to Family Murder-Suicide Newsweek
https://news.google.com/rss/articles/CBMiqgFBVV95cUxPMzdCWW1zRlhzOWo0LTh0ek9qZ3V1STJoNlBERWgycG5kNVgwZEtseS05MEl3TnpZMTlucEpUcXFucnJXa3RqSkRCcENmNm1VcmdITl9XU18wRzd2ZWlwYXc2Z3RXbHJLNVV0Y2ctV3B2TGJtX3hKWTBENlJhZzZkOU0talJKbkJpVDRUVEc3aFEyZjJxTjdiYzc5ZmdkZnVzQ0pySkk4WWpfQQ?oc=5,"Tue, 28 Jul 2026 20:06:00 GMT",NEWSWEEK,ICE Holds Mom With Green Card for Nearly a Year Over Shoplifting Charges - Newsweek,ICE Holds Mom With Green Card for Nearly a Year Over Shoplifting Charges Newsweek
https://news.google.com/rss/articles/CBMikwFBVV95cUxPRnpqdTFiSUExYlhtenhLMVpleF9NM3JnLWl1azlYTmNmaEhOTk90THpWUTRNeUl2eXlrUndCZ2hEa0k1U1FmRnFYdzRJWGxUbEJzMGZSSDQtV1llRVBmVGtsbjBOdy1FRGtfWFdMMVZCdGprWS1GQkF3VkRSLXZERXlZSks2NUJBSl9GSkFSTEtuZms?oc=5,"Mon, 27 Jul 2026 10:00:00 GMT",NEWSWEEK,Five Polling Obstacles Donald Trump Is Struggling To Overcome - Newsweek,Five Polling Obstacles Donald Trump Is Struggling To Overcome Newsweek
https://news.google.com/rss/articles/CBMiY0FVX3lxTE56OU96Y0t6alUwRllENkxETkxTUnphZUZ0c1hEdlR4b0l1by10T21wVkVvX3R2NjhtajVvLTZPbkduUHpFbnprNjVEcVRvVDBQd29JQkt1TUJ2Z1pQT0ZmclRMdw?oc=5,"Wed, 29 Jul 2026 09:10:00 GMT",NEWSWEEK,Kavinsky Found Dead Inside Paris Home: French Musician Was 50 - Newsweek,Kavinsky Found Dead Inside Paris Home: French Musician Was 50 Newsweek
https://news.google.com/rss/articles/CBMiqgFBVV95cUxQM0UtdHYtV1M1dWhaQlBCMGR4NkRDb0lxLXgtczJFTDlTaU1tMnBGUjk0RkZiQkNDTkg0SmN1NnVMMTNjUW1zdWNlMWdJNld3MXRWUldwd0RUbTNxMzZNbkdXa3A0MnR5WXdkTXRqbzZtNlctMTRiZUxtRmpzbE9kTVZ0Z2t0Q0s1TzlURTZXUUdXT3lRSFFPWEo2d1FLWk1icEF0ZmtqRGRBdw?oc=5,"Wed, 29 Jul 2026 02:58:00 GMT",NEWSWEEK,Cornyn Sets Red Line for Todd Blanche Meeting Ahead of Confirmation Vote - Newsweek,Cornyn Sets Red Line for Todd Blanche Meeting Ahead of Confirmation Vote Newsweek
https://news.google.com/rss/articles/CBMimgFBVV95cUxNaTkxQnlCVnNkM1RjR2cyMGROS1dhQnJUU18yOE9JbVY1d21YRlZyQzBraE9sZjMwYk9jOVJNMkdsdWN3MGU3eUZxVFFpWFJjWEx3VE5haUFVa0UzR3Jid2dxeEc0ZjhtUFNJUkZMSGVXZmdoMzlvRlI2MnR0dlBSZ2E1TW5aOGlyTnVxYnV6S0VtWjZFeXVkMWNn?oc=5,"Wed, 29 Jul 2026 01:35:00 GMT",NEWSWEEK,"Donald Trump’s Approval Reaches New 6-Month High, Survey Shows - Newsweek","Donald Trump’s Approval Reaches New 6-Month High, Survey Shows Newsweek"
https://news.google.com/rss/articles/CBMiqAFBVV95cUxOUEE0TGx2XzFwXzV3VVBHdGdlckg3UkM4dk1SQVlUOG1yMjUzNmZpWmVHTlBXRlpkUzFXaTlCR2llbHM0RzVCUmJfX3B0TlAxUVNpZEZPbGZtdWlYcm5fQlRyUENidnFMdEFRWnVzRXJmd1Vmb3l2bTE0MWhYbV92UmxGS1FyR3lnSE1aNHpHX1RKODVVRHZYSkc4SXlJQUpfU1BMUnVtb0w?oc=5,"Tue, 28 Jul 2026 16:05:00 GMT",NEWSWEEK,Teacher Arrested After Clapping in Support of AI Data Center Detractors - Newsweek,Teacher Arrested After Clapping in Support of AI Data Center Detractors Newsweek
https://news.google.com/rss/articles/CBMitAFBVV95cUxORUpMREl6Zm1DWGxPZXhCaWVpb1NyWlRSV2xKNDVEbnhGd0RBQ3FwSWtOc3B2WVhIRTE5WHF4Mk50SThnemlfc0ZINjJKSlNGZHFReHNYQXdGSnVIWHcxV0VUdy1rUENxc3FKMDE0Zy1xNHU2VnpFb1EyMHBVcXh3UDBhS3pkY1ZiTm9YQTVKVENBZFYtSS1fZDlLUG00ZGlIbDRPOXM2YnZxYnM0NXE0NGs3VkQ?oc=5,"Thu, 23 Jul 2026 07:26:00 GMT",NEWSWEEK,Senior Pentagon Official Suspended After Bashing Trump On Hidden Camera - Newsweek,Senior Pentagon Official Suspended After Bashing Trump On Hidden Camera Newsweek
https://news.google.com/rss/articles/CBMioAFBVV95cUxNSmVITGFLSkF5ZnJiUG9VZ0V3UDQ5YW10Njctc3BBVDRvR3JXY05NZ0tfVjFKaUZfc1pxTVAyakVMcGhSaXRyd0xrUzlhU2R3TGFaYXZUZDlxaFZOd0x1M1hTazlSQ0oxVHBabUNNcE5nSE1RbDM0V3E4ZFNQWm16c0ZwRHRHZFJkaER6MmRQZU1sR0VsTUZjOUE4U1pMakNy?oc=5,"Wed, 29 Jul 2026 07:25:00 GMT",NEWSWEEK,Jared Leto Sexual Misconduct Allegations: Multiple Women Speak Out - Newsweek,Jared Leto Sexual Misconduct Allegations: Multiple Women Speak Out Newsweek
https://news.google.com/rss/articles/CBMiogFBVV95cUxOeWkxVUV1NC15Y0V4V3ctaDluLW43QUtpVGdsN0cyT2tiR3h6S3NKbTJIZm5Oa0hZdEM0S0NlVTAyYXU2a0x1ZUdlQXZ2ZThsZ1VsLUE1d1RrV1doeFdTQkNNczFEa0t2Vk5pX1o5ZFI0dk5VZVk2N1pXa2kwemhiM2g5UTNqck1tOUtrcEU0cGZkUWwwYUNfbGhkVjlTU0hTaWc?oc=5,"Sat, 25 Jul 2026 16:29:00 GMT",NEWSWEEK,Hurricane Fausto Spaghetti Models Show Potential Impacts on Hawaii - Newsweek,Hurricane Fausto Spaghetti Models Show Potential Impacts on Hawaii Newsweek
https://news.google.com/rss/articles/CBMioAFBVV95cUxPbHBlNXQzem9JNVFlZ3NXTDllMGJ3YWppRFg5Sk1WYlF5N0hnUWE4MjNGWW1sV0FxV2RXcW5RSUxoRHBEYkxQaUdVSXVtOTFDYzA3UUxaZ3lnSWNPSWJFbDF3eHFhdE9YVmhQZUxPMmJkUldVZE04LVF5WXA3QUxoeGhhOVEydlhqV3Z6bUNWcnh0SFpLWVdlWU1JQ3BvM0ow?oc=5,"Mon, 27 Jul 2026 15:40:00 GMT",NEWSWEEK,Trump’s Canada Feud Pits Him Against Major Republican Donor PAC - Newsweek,Trump’s Canada Feud Pits Him Against Major Republican Donor PAC Newsweek
https://news.google.com/rss/articles/CBMiqAFBVV95cUxQTlp2REttck5Bbnl3QjdVajk2WDhIM0FXT29CaS1GdjExajlmSTNPdEJyV1IzcnBzU250VkozZmNWZGh3Zk1sc3hGZWYzNnB1d3NHVFB5Q2RKOEVhYmlMTGpHVXF3SlBjNVdHdDU2X0pyT1Mtb1lucmJTV1QyV3VGWEU2R2JvbXZyb2hOLTZWTlhxRGE5YWRuOGlHWlJTcHhkNXM5d2VJVlE?oc=5,"Fri, 17 Jul 2020 07:00:00 GMT",NEWSWEEK,Smithsonian Race Guidelines: Rational Thinking & Hard Work Are White Values - Newsweek,Smithsonian Race Guidelines: Rational Thinking & Hard Work Are White Values Newsweek
https://news.google.com/rss/articles/CBMijwFBVV95cUxOdFBLZzNXbVc1dUFsSWw5Wk0zZFJ0bkNkVW9MSFZDU1dSXzdKTS1GeHR0RWw1dGhCelBqWXJQTS1fR3NRRWx0S3ZFbXdFMm55bVRWQmU4dDZKQzRQZFBIQjVidGFmVXVCVjlCdlNhWl90eHZOMzVNdlkxQmRwNjlEOXczWmFUVjdsQlF1WWYyRQ?oc=5,"Mon, 27 Jul 2026 17:25:00 GMT",NEWSWEEK,Eight Most Shocking Revelations From New Lindsey Graham Documentary - Newsweek,Eight Most Shocking Revelations From New Lindsey Graham Documentary Newsweek
https://news.google.com/rss/articles/CBMigwFBVV95cUxQRmNfZzZ0RXNJX192SUVsNjhVMnhzOGFxMktidlZWb1pEbHVhX253YnQxMjJISFlSZkNObjR2UllfTFhwTDYtczdrUXJueHNqMzd0dkFVTzNHRXhYcmZGNmtuS2F3UUx4Y1NkYU5DbHlvNU1Ja3BleTJXVnk0YU01Tk9kcw?oc=5,"Sat, 25 Jul 2026 21:37:00 GMT",NEWSWEEK,"Russia Wants 30,000 More North Korean Troops for Ukraine War, Zelensky Says - Newsweek","Russia Wants 30,000 More North Korean Troops for Ukraine War, Zelensky Says Newsweek"
https://news.google.com/rss/articles/CBMipgFBVV95cUxQblY3V1VFLXVqNEF6RE1KMlhnZHVoQ09YX1lfclAwUVMzaWZqRU9oWTM5bjNIcVhROTRSMHFEVE52OTBObTFseExQQUxiRURTdnpuckhyb1NJVUYyWDNBOEtCbEhtanRsNE81emdBdzlmcXNXbm5pYVh0MG5qQU9WRUpSdEY3N3dRNm1yM1dROEVWQjNodVFaS2E1eF9aQmhHYjdfTlRB?oc=5,"Thu, 23 Jul 2026 14:55:00 GMT",NEWSWEEK,Daylight Savings Map Shows Where States Stand on Proposed Senate Bill - Newsweek,Daylight Savings Map Shows Where States Stand on Proposed Senate Bill Newsweek
https://news.google.com/rss/articles/CBMiqwFBVV95cUxOTFU0dWk3VFdOMlZoU0pUZXNvYTdyZHc2MjdiR0FkT0VLZXFUNkhTYmxjSnN2OXhYV255eEFFSldqNXJFVFVTdUlicGo4X3Axb0FGWXRmdVY5ZjJyWFhhV2pjOWw0cmd1Mm1TOTRQLUNUMFpLMW5fRDZVb3Vvb18yeW91WXltamRoR09NQlM5ZUdGeThxVklFV09TSlBiQkVZN1BnZTFEaUtpMWc?oc=5,"Sat, 25 Jul 2026 09:00:00 GMT",NEWSWEEK,"Trump’s Approval Rating on Iran War Compared to Libya, Iraq and Afghanistan - Newsweek","Trump’s Approval Rating on Iran War Compared to Libya, Iraq and Afghanistan Newsweek"
https://news.google.com/rss/articles/CBMinAFBVV95cUxObFY2TUEyZG5vdlZ3dExZcENES19SSWl0UExxZjJ3amZ0VG1FWlVwR3F0TW9yZkswbjFocm1iQldGYmM1RnU2TW5JR040WkdFclhwVDZBZC1hMTNXR3hCaHFPQU5WX2pLOU9CTHFVeFhsVEpSM242Vjl5bmFmaXo2RWRSWHVEcEEzZDhYTWNQWWZQMDRjTmxPdlVhRWw?oc=5,"Fri, 24 Jul 2026 13:28:00 GMT",NEWSWEEK,Polling Flips Against Republicans in Four Critical Midterms Races - Newsweek,Polling Flips Against Republicans in Four Critical Midterms Races Newsweek
https://news.google.com/rss/articles/CBMic0FVX3lxTE9RcUJPam9mV1RSZ0w3S2szbWtqbDA1Tl9qMWFOMHdKVDFEZkNLQXF1dFlzN2tMbkV5cEtRSGlyaWF4b2wzTW5xYmdhRXJ0MXJiYUI2MGRRYUpBN25pbTUxT0E1dmxaX3RObWVJVFg3dlZsTDA?oc=5,"Sat, 25 Jul 2026 09:00:00 GMT",NEWSWEEK,Why Google is facing internet rebellion - Newsweek,Why Google is facing internet rebellion Newsweek
https://news.google.com/rss/articles/CBMifEFVX3lxTFB4N3QxdG5FcVlzVTV6b214TjZWbTBfOWp6cHhidjU5N0dIMXVJckRkOGcxYUdFZUxJSjVQVlBkZ0tYd3BOX21ONVF3SlJkNVhhWHJKV2RKaTVDalB3cTQ0TktpVlBrM2hkYjBDSURYQklGbjZJOXlMaU9obm8?oc=5,"Wed, 29 Jul 2026 11:44:00 GMT",NEWSWEEK,"How 500,000 New Russian Soldiers Could Shape Ukraine War - Newsweek","How 500,000 New Russian Soldiers Could Shape Ukraine War Newsweek"
https://news.google.com/rss/articles/CBMikgFBVV95cUxQSGROTWIycnFyMmJESmNneG1tcTBIelBHai12MXh5clNBcnZwX2NDbW5EeXdOMTFkR2pPRkNKejkxTUlhcmhwYWk1UTdya3NyeW1NX0ZNd3VYWDhPQWFwZkF5T2RDSUxwMlNoUTNmVXprWkNaUVh2d1dkUUMyZVY1akI5QmNHSk84MjBNNV9rSGVIUQ?oc=5,"Fri, 24 Jul 2026 19:17:00 GMT",NEWSWEEK,Donald Trump Deals Republicans Double Blow in One Week - Newsweek,Donald Trump Deals Republicans Double Blow in One Week Newsweek
https://news.google.com/rss/articles/CBMikAFBVV95cUxPQ08ybVgyaHcyR1BqTU5Fb2ItNWp5aEs3aUowc2FkczI1aHIzaW0xdUItMS1TdG1PZXFDMUxKbFA1Xzg1OVZBSl9yTWRrMXpoay1pNlFkV1ZtaGhtRlM4VkgyYU5raGxxUG94eVJiclJlRUk0OFZkR1hvVHJXY3Vvb2tGZmh6NUN6M0tmNEZzWEk?oc=5,"Thu, 23 Jul 2026 17:10:00 GMT",NEWSWEEK,Have Health Care’s AI Ambitions Hit a Reliability Wall? - Newsweek,Have Health Care’s AI Ambitions Hit a Reliability Wall? Newsweek
https://news.google.com/rss/articles/CBMinAFBVV95cUxNRmVJcnlvNnBMYVM4bUtLV3ZHaFo4WXVReV9xR3pDWlJERWV3R2x5TkpMTVl3YkMyWS1hNG5VcFF3MXE2a3BEb0NDS29YTUhxYnk4czRFYnZ1TjdEbXJ5SU5SQkFNbS1SeFVfWTVOeHBQWUxjd0w4ODVxMGdRYTBlajd0WmhCQWZ5Nk90YzM3Yjl0Rk9SX1VtSzNRbXQ?oc=5,"Fri, 24 Jul 2026 16:28:00 GMT",NEWSWEEK,"Watch live: Trump at redo of WHCA dinner, lists of performers and guests - Newsweek","Watch live: Trump at redo of WHCA dinner, lists of performers and guests Newsweek"
https://news.google.com/rss/articles/CBMimAFBVV95cUxPRUpJbmlpOWZ2Z3FVekNNNFlXaE9QRjlXajE4aTN2OUpYa2psblhsUktSTkJOSUg5Q3lHR3ZQUlFLRjZfOWlFOUs5cWVnMHJBZ01SMUs5RjZoaGhxLXdpYjdIWXdydnc2Z1JiZlZCUE9lckxXS2xHVzJkNVkzNGFXM0hJakl0REw0MVNVQjZUaE9vN2hFOWVoQg?oc=5,"Fri, 24 Jul 2026 18:41:00 GMT",NEWSWEEK,"Donald Trump’s Net Approval Nears Five-Month High, Poll Shows - Newsweek","Donald Trump’s Net Approval Nears Five-Month High, Poll Shows Newsweek"
https://news.google.com/rss/articles/CBMikgFBVV95cUxNdkxEMHA3ZmdHRkRpU1NoWE5Ta09vTE9Xa0pzSUZDSlB1Z2Z2ZEpIVXF3ajFfb1Q4dHlyTFN4X2wzOHVxWndNUlhDalRzcVRqTWRELWUxdUgyOU1Da3BQZTFfUmc0Z2xySEtoZWtRT1pHdld3RzBBMno5eEgwM3ZIYkgzRkl6bXp0WHk4UHV6NUl5Zw?oc=5,"Thu, 23 Jul 2026 16:07:00 GMT",NEWSWEEK,Scientists studied the lungs of ex-smokers cell by cell. What they found was unsettling - Newsweek,Scientists studied the lungs of ex-smokers cell by cell. What they found was unsettling Newsweek
https://news.google.com/rss/articles/CBMikwFBVV95cUxPdG9CSEg1SXhZMkJNN05tS2JYbUgxcjBQTDZuUHc4NHBoX0tseHV0STZySDV0WlhvSVYtWHN4S01JRE44NmFoYW9hZE9oNVdQQVRiY0lIMmFQZkxqNG9CRU9zcGxwbUhNa2lxNWZTMmthTjF0NnVkbU5rN1ZoVTFFNXdoOE5xbHFLTVRYbGNRbXh2aU0?oc=5,"Thu, 23 Jul 2026 15:05:00 GMT",NEWSWEEK,Trump’s Nuclear Doctrine: Anything Is Possible For A Price - Newsweek,Trump’s Nuclear Doctrine: Anything Is Possible For A Price Newsweek
https://news.google.com/rss/articles/CBMiqwFBVV95cUxNZGhDZVZRdFdITl9ZSEZDV0dtcEJXb1pHdUFxZXJfZWlrcVFadk9jdV9mUmRSNUZ6R1cydnp0ME1EMm50aE93U1p4dVFRVTN6OWFfYjViS3RUWlYzRUF3NGxTLWFWekxVS0hncWc3SWNEejItV3lqLXVkTktUdGtwdVNwVG9rS0p0WTIzT1VoTVJfOW1VTzNXZHdJLXdFWXB0UUx3bExIMmFITkk?oc=5,"Wed, 22 Jul 2026 17:40:00 GMT",NEWSWEEK,New Social Security Change Aims to Help Millions - Newsweek,New Social Security Change Aims to Help Millions Newsweek
https://news.google.com/rss/articles/CBMiowFBVV95cUxNUjlxT2lEeHZMV3ZSd21aYzc5THRxa0d6MlVySDczRUpHZjdFZDh4WVVqX0YtTlRsWGN6ZUpiM3BlUEVBVHZiZmJ1c2RYRDJuSWhqQVRWLUVLLWJZOVZQcWFMMzJONFhnUUtyQk9jWi1zVXMzVkh1OTVDNks0SDhxelJkZWdrRDJ4MVF5QkhhNGQ0d194WC05aXdvU1lVd0ZHZEZJ?oc=5,"Thu, 23 Jul 2026 14:36:00 GMT",NEWSWEEK,How Saudi Arabia Getting a Nuclear Bomb Would Spark a Middle East Arms Race - Newsweek,How Saudi Arabia Getting a Nuclear Bomb Would Spark a Middle East Arms Race Newsweek
https://news.google.com/rss/articles/CBMiqwFBVV95cUxNMVNLbmtHc0FUR1BqUDlHSTllajJYd1dFNkVxVnR0NkYtbkdITldSeElfWGVWbkRoekZkdjFFblhmeUQ3bWhqTXpWeGh4UVZuSWJNRlpIN1ZPeUltampmalNGSlEwM2N4cXZXemxSZjNJY0dNQWwzNDcyUWxacGRld1dtb095ZmN5SGlkT3plQlpJZ25zLV9jakVlbGJicVp3am1KTWJGbHBTa0E?oc=5,"Thu, 23 Jul 2026 16:30:00 GMT",NEWSWEEK,James Talarico Unveils Texas Data Center Crackdown Plan: List of Proposals - Newsweek,James Talarico Unveils Texas Data Center Crackdown Plan: List of Proposals Newsweek
https://news.google.com/rss/articles/CBMirwFBVV95cUxOQWJYRFZuUFZ4Z1VsaEFCUFVXUkNvTkk2cEptdmFYTl85X1VfMnNOVHhvT3hpRFQzMTVieURQcTh4RFFfekt3Mll3UGUxSTN5WHFPV0thc1pyVVI2WnlXcHAxVHNZeGpJU3AzeFdISE5FYkI2M2x4VFBvYWZBSWlYcFkxSFNmRW5zUEw3MDJtdjNvNFFLY3NmeUNOUlpfTnFrcHdLSGtRdnVWWmEtU3Zz?oc=5,"Mon, 20 Jul 2026 07:00:00 GMT",NEWSWEEK,Erin Brockovich Explains Why She Started Mapping New Data Center Concerns - Newsweek,Erin Brockovich Explains Why She Started Mapping New Data Center Concerns Newsweek
https://news.google.com/rss/articles/CBMiqAFBVV95cUxQVmFpWTFuN0gyTjUzRlg2QmxUU3hYX2dqaXBtTVlXeE9YRnZWU3N3TTZUZzhIZjUtSlRDb3RDa1dLVGtSbzNGYTZrQmVoS2tuVEtjNVNHcFBpLXBKdjFLVEpSYWdubC02R0NWTXNRY1NNekJpbVRHeGlpZkZsekFoRk5Wby16VG9NWW9ORUtDb002UldHbmN6NF9XNDNvSy1KbFFiUjcxclU?oc=5,"Wed, 22 Jul 2026 15:58:00 GMT",NEWSWEEK,Satellite imagery shows scope of Israeli wall in Gaza - Newsweek,Satellite imagery shows scope of Israeli wall in Gaza Newsweek
https://news.google.com/rss/articles/CBMikgFBVV95cUxQN0xCR3lEWWEyZTFBejdKZ0daNHdhc2dmemFHMkdMclZqQTd3b1ViOUVFVlQzMlNKU2lWRUluVkh4LVlKSnhDQzRlTWY4dDdsaGpNVk9xOFUtMjNRVUQzMDhmRjRfTkUzLWZzNk9YblFCYjdsVUxkRHByelM4NnhNTzR4c2xud2t2S01mRmhiVjhpQQ?oc=5,"Sun, 21 Sep 2025 09:11:47 GMT",NEWSWEEK,Technology Hardware - Newsweek Rankings,Technology Hardware Newsweek Rankings
https://news.google.com/rss/articles/CBMie0FVX3lxTE9CTzlCQkRnWER2TzJhSW8yWGdsUUsxakRpSjlRTDMxRzZOY1hJVFpFdk1qUlZVSEQ5Zlhab0RYcHN1eXFsMmZsUTU0V1QzY2tTc2RaaWl4VENEZ01KQklwNTlQV0N5VDkwQWVUU3AwY1JwWjJ0UzVuTFdwMA?oc=5,"Tue, 23 Apr 2019 07:00:00 GMT",NEWSWEEK,China Is Exporting AI Surveillance Technology Globally - Newsweek,China Is Exporting AI Surveillance Technology Globally Newsweek
https://news.google.com/rss/articles/CBMiZEFVX3lxTFBjdFU2bm15T1EwdW5CODFJUWJZMWdMSk5nbHVHbjFaMk8yNUtuYXEzR182R0hGUzhvZi13d3lidFRnY21iWHpFUjVlQmVsZVNxNVRTZWJMdWxKc3ZfQi14YkF2LWQ?oc=5,"Wed, 22 Jan 2025 22:33:47 GMT",NEWSWEEK,AI Impact Awards Overview: AI Impact Summit - Newsweek Events,AI Impact Awards Overview: AI Impact Summit Newsweek Events
https://news.google.com/rss/articles/CBMiWEFVX3lxTE1RWVA3aTNiWFFtMkF5clN5TGw2WDloS29GcERvT2ZmTHJITURZR2M0d05Yc2I5dW45VDUtNEZTLXZYUU10aktheHNxM0I5ME5xZVlhQTVNWFA?oc=5,"Tue, 10 Feb 2026 04:50:31 GMT",NEWSWEEK,AI Impact Awards and Summit - Newsweek Events,AI Impact Awards and Summit Newsweek Events
https://news.google.com/rss/articles/CBMinAFBVV95cUxNQ2xvWFdJWkVtYzJ6X1gwbGpwSmp3ZHBUMWN2U01hWHNka3BPWlZxTHp4ZTNmWnFpOXhGeldfMW5wbTRsMnNORWxkM0RmOEFHRGxPWnlIQW9hc0lYQkxkeUt3RWJRQ1ZLeFFKYjZaSlRBZ1RBVVJpX3o4dDRnLUNuUk1aanotNVBMTjBpUFFqYVdLSElleUFxT0NmTnA?oc=5,"Fri, 15 Sep 2023 07:00:00 GMT",NEWSWEEK,"Russian Missile Technology Smuggled to US and Handed to DOD, Court Says - Newsweek","Russian Missile Technology Smuggled to US and Handed to DOD, Court Says Newsweek"
https://news.google.com/rss/articles/CBMirAFBVV95cUxNQUJRZzVDY0tlVmlrOTFqMDRlcDZ0UV9Lb0xrb0FsbWZxU2FWUHo4YlE5S2F2WW9CZmJCTG5ia0I2aTNpQjJyajNpM1M2ejJUWXo1Y0d4aXJkTU5qYmlybXI2R2RXME45bzVhYVFmXzhiR09ycXg2dTlwNlgteW9UUlVYbEFVY3AzcEQwSEFyb056eGxpNlZfMjN6amJmeU0wak9yTUVTc203bTZz?oc=5,"Fri, 25 Oct 2024 11:03:58 GMT",NEWSWEEK,POLA: Innovating Aging Skin Care with Japanese Culture and Technology - d.newsweek.com,POLA: Innovating Aging Skin Care with Japanese Culture and Technology d.newsweek.com
https://news.google.com/rss/articles/CBMivAFBVV95cUxOUXpsb3B1c0E2dkkzRVB2Z2pnVGY0bUZqRmxZRkJKT3hJem5NYmlSdGpwTEVwXzJPa2kwdkFpV3FZeEdGU2ZDZlFYTHIwOXlMZHVOMFRBVTNZMXdfNXppVzdTYlVteVhRV1pva0phUzBNcFptVEdIRENjT3p6UjhRbERqSVlHV1hYVUlnS0RLb1A1czI2WFllR3VkSFFFM0JzeXdvUjBobS03V0FiUTNyU2Ribk8xRFBhRU5jWg?oc=5,"Fri, 19 Sep 2025 19:04:55 GMT",NEWSWEEK,BRINGING COMMUNITY LIFE INTO THE FUTURE - d.newsweek.com,BRINGING COMMUNITY LIFE INTO THE FUTURE d.newsweek.com
https://news.google.com/rss/articles/CBMiZEFVX3lxTE5wTVprcWRBVXhSSEltWjE3Um5ZUUdKS3FFUFQtNkxYUm9lY1pLWGVoUC1QcW9wblZ5dmx3QW16dm5ncW5uUzRWWExla2tyb01Td25fLXNuRFdqNGR3ZHhpU01ZWk0?oc=5,"Wed, 19 Jan 2022 00:45:56 GMT",NEWSWEEK,The might of monozukuri: how Japanese companies remain untouchable in many niche fields - d.newsweek.com,The might of monozukuri: how Japanese companies remain untouchable in many niche fields d.newsweek.com
https://news.google.com/rss/articles/CBMibEFVX3lxTFBSLWktNmN4a2gwTGRib0tOaENiZlEwRTUzby13d0xuWmMwZk9KSmM3Z1hxWnk0VVpuelhUYUVoTHdzeHQ0X3IxUWhTeHZRQ0FRUy1landidnZBUjJ6TFpRRXdSQzB2c3RqQ0p3ZQ?oc=5,"Tue, 08 Apr 2025 11:17:54 GMT",NEWSWEEK,Newsweek Excellence Index 2025 - Newsweek Rankings,Newsweek Excellence Index 2025 Newsweek Rankings
https://news.google.com/rss/articles/CBMib0FVX3lxTE10QXEtUkxXNFZfQXl1N2VuUG9JR0ZTUlBIYXRWQVBROWNhZk5ic0QwNlVRbTNlTV9NS3ByZUJ6ZndkTlpHeGV0cEt2bHlGV1RURkRTTjM3MGhBTmNlRjZZcVJTTzRfU3B5eG5wQk1TUQ?oc=5,"Tue, 08 Apr 2025 19:31:59 GMT",NEWSWEEK,World’s Best Smart Hospitals 2024 - Newsweek Rankings,World’s Best Smart Hospitals 2024 Newsweek Rankings
https://news.google.com/rss/articles/CBMiiAFBVV95cUxNNmRHRW9KZFNadlBPcFgwYmtyNGU3Z1NEUW4zZXlaNmE0bldhUW9pLVpnYmF1V2JZazF0WHRLVjczU1F3d2FibWlQZDdPeDZRUnRLRXlSQnE3ejhKTkczdVVGNFgxZ3VLODFLS3VFUUk5VVNKNWpZYnh1dHFXMXVFM1BVWjB3RktF?oc=5,"Tue, 25 Jun 2024 06:00:40 GMT",NEWSWEEK,Vacino Biotech Fifth Round Edits_0621 - d.newsweek.com,Vacino Biotech Fifth Round Edits_0621 d.newsweek.com
https://news.google.com/rss/articles/CBMiWkFVX3lxTE1DeXNIVHk2cWg0eWtZY1FXd2NYU19IcXRBS2V0cHpiRFA4ZGVDVGtIQjlrUG9EWkZxRWgzMlJab3g1TWtCU3BFV0p5aUpyRjZHdnZlbVo0NFdKUQ?oc=5,"Mon, 24 Mar 2025 17:47:49 GMT",NEWSWEEK,AI Impact Summit Agenda: AI Impact Summit - Newsweek Events,AI Impact Summit Agenda: AI Impact Summit Newsweek Events
https://news.google.com/rss/articles/CBMilwFBVV95cUxQSzd0dTF1N0FrN3NFbml1MUpsNEFhLVdjblJwb1lURksyMXVLUzlCcHZiRzFRUEtBOFpkNk5uM2EwM3QyMHBMc2pLNVZTSGc5Slk3Mzk2cmgxcFczLTJ6cXExcWl6YnpadjA0cEJCQXdMRC1NMUp4Q1JuUHE2b0FfRF9UaFAxU0VqUVVIejlTZVhXUTlkMXA0?oc=5,"Thu, 02 Apr 2026 09:27:11 GMT",NEWSWEEK,Technology Hardware - Newsweek Rankings,Technology Hardware Newsweek Rankings
https://news.google.com/rss/articles/CBMiigFBVV95cUxQQVVHeVhiOVNfRzdDVlhTNVV5a0JOQU1tcUxsaVVEUG95TnRsRUpWQTdTSXZUS3MtQ2Y4SEk0cmhFSDFpdV81MW5YVEttNV9aWC05OFg4eHc3cEl2UjlIazI4MElfVTFYZzJpMWFPelhUUGkybjlqNlNnLVZLd1RBcmVHSzZJN3pBTWc?oc=5,"Mon, 30 Oct 2023 07:00:00 GMT",NEWSWEEK,Five Tech Innovations That Could Help Save the Planet - Newsweek,Five Tech Innovations That Could Help Save the Planet Newsweek
https://news.google.com/rss/articles/CBMie0FVX3lxTE1UYXVaTHdBNi1VeDhnZ3RKdXVENVlLZ3R3b2ZmTzVYdDlKZ0VHOEdPRmxwSk5oM3A1ZFdQdjZaNDVNZVpMcmdjUEp6WnNRbDgyNDkxNlBoQ24xQnhCSUI0NXJOTWVSTXE2QXhUWVZESmFKejhtdFd3c1NRcw?oc=5,"Wed, 10 Jun 2026 17:34:58 GMT",NEWSWEEK,America’s Greatest Workplaces in Tech 2026 - Newsweek Rankings,America’s Greatest Workplaces in Tech 2026 Newsweek Rankings
https://news.google.com/rss/articles/CBMipwFBVV95cUxNUDZncXVkR2pDbVBKQlowX2FuaXNFNUM2bmYtUVZRQTdCMmZNdjVCZmdMNWZQTzdsVzIzcmR0cmpxQ1hrWWU3VWwtcG9BdmlUZVQ1eW8xdUJuYUowZXBBVE52ZldxMFc1X1E0ZnhWaXYtOHd4Y2dvSG9hYlg5ME9Qak5ZMk51eU9hNTg0STVEc01QeFBzbjAwUno3d1ZMMl9ZVnY2dkY1aw?oc=5,"Sat, 27 Sep 2025 16:25:27 GMT",NEWSWEEK,Japan’s Tech-Driven Health Shift - d.newsweek.com,Japan’s Tech-Driven Health Shift d.newsweek.com
https://news.google.com/rss/articles/CBMilAFBVV95cUxQTWZzclJfUEhXWXRXMlBRVTgzWGpNVDBWWlJmUlhRd3F5aHN4bmpPNVYwdlNHaFdMaUJDb2R2V1Y3NlA2T2dRc0pzMTg4UE1RLXAzbHRpNkpJYlB2c2NJUWFlTF9Eb1Utb0FVM1BXTEJSMFBqcFUzOFQ1V2YyUVBkSlAycVZrT0h5dTRvRElOLUllLXRB?oc=5,"Tue, 08 Apr 2025 21:45:38 GMT",NEWSWEEK,AMRC 2024 – Technology Hardware - Newsweek Rankings,AMRC 2024 – Technology Hardware Newsweek Rankings
https://news.google.com/rss/articles/CBMickFVX3lxTE03RUp6NnpDdlY5UUZ1OUFwZVFVdU4zQWxETm8tX3dXNzRxQ2NIVVJBSlpKaFA5RHp5T2lmRkpnNXUzeDdkVkh1RDdOT1NBeW9ISWpWX09rLWtfUzlMMWtoaF9jZ3B3ckRkMThCTUNnYjVfUQ?oc=5,"Thu, 21 Apr 2022 15:41:21 GMT",NEWSWEEK,Revolutionizing the concept of comfort - d.newsweek.com,Revolutionizing the concept of comfort d.newsweek.com
https://news.google.com/rss/articles/CBMiakFVX3lxTE9WUjIyV3NIQzNtQS1TbXB5eUNYSjZhTlpWRngzWTBQV016QnJKREgzOGpmRlFmMWZkZ1RCelp6ZkJNei1MY0QwMmtoemN5LWdaSW5xU3NuTzd2aVhmNFpnME1rY3g2UElBWmc?oc=5,"Thu, 07 May 2026 18:56:18 GMT",NEWSWEEK,AI Impact Award Winners - Newsweek Events,AI Impact Award Winners Newsweek Events
https://news.google.com/rss/articles/CBMikwFBVV95cUxOYjF2ZFM2ZnVWbjF0OXROYUR4VDUtNjc2bjZZUkkwVXpEWk1Mb0ZoVmR0RTlUVDZpcWktMTRmbWRPckxKdXE3eEhtd25xMUFjNmo2OFlheF91N0J6b09LbE5oRHJJd24yYV9sdjY4T29FUDB1YzQwUTcwQ0d6MWtZc01PVzl2RTk3Qy1nTGstZ3R0WGs?oc=5,"Tue, 08 Apr 2025 15:34:56 GMT",NEWSWEEK,Most Trustworthy Companies in America 2025 - Technology Hardware - Newsweek Rankings,Most Trustworthy Companies in America 2025 - Technology Hardware Newsweek Rankings
https://news.google.com/rss/articles/CBMib0FVX3lxTFBaSnZwZmt4T3p1RkZscFpIazVlelVQZWo2LUd4RjRMU1FsamJOVTB2eHJJNm02S0pqaVE4U21sTHAtd0lzRHdJbUFHLVBCMnYxMUNoT1VxRE1KTmpUaGNyUDJGS3dSVXZONWdqdHQ5dw?oc=5,"Tue, 08 Apr 2025 12:52:25 GMT",NEWSWEEK,World’s Best Smart Hospitals 2025 - Newsweek Rankings,World’s Best Smart Hospitals 2025 Newsweek Rankings
https://news.google.com/rss/articles/CBMif0FVX3lxTFAzOHQ1S2ZEY0dUdkZ0WGZhTl9OdEllUUl6cG9KMC1fVUNQckRKOGNzaWRZMm9NbzhYSEVlc3Z4ckpPQ3ptMmNHMVN5a01jNkdhOGVxdlBaMVppcG40aFM0Z2gxbDlWb3N3eFAtS2xodXA2anNaREpBNG1zT2pNenM?oc=5,"Fri, 31 May 2024 04:22:07 GMT",NEWSWEEK,Quality Coating Solutions for a Host of Industries - d.newsweek.com,Quality Coating Solutions for a Host of Industries d.newsweek.com
https://news.google.com/rss/articles/CBMibEFVX3lxTE1IYlpCZC1IUjZPVkIxSWNrTTNWV29NQ1BPbHZHNkdVODNrM0FkY09feVZHLWNrVzRicXloMXo3alJMVlN1SWFlWkhvNWFkSkFvV3YzZ0NrMHV6UkRsVThrQXpnVFA1dUhOMTkwSA?oc=5,"Wed, 15 Jun 2022 04:32:31 GMT",NEWSWEEK,Driving innovation with unique technologies - d.newsweek.com,Driving innovation with unique technologies d.newsweek.com
https://news.google.com/rss/articles/CBMimwFBVV95cUxNU081d19DY1VaTmIzdy0wTnhkUEZ1aU8zNFBraHkzY2c1ZWlSNzVjVWl2d0ZiWllIWHJuc3NMRVg2UzByQlgxRTBsYy1sSVVsbFJrNHlsc0xqM3V6VW9DZFdLMGhMMl9pTDNwOXBwcGt3WmpJQnJKQmhsZldlbGlOaU1fUGxEc3JRNXNkM2Q3QWZ1NEVPU3otOG1JVQ?oc=5,"Fri, 25 Jul 2025 12:20:26 GMT",NEWSWEEK,"Green Tech, AI and Fusion: Inside Japan’s Manufacturing Renaissance - d.newsweek.com","Green Tech, AI and Fusion: Inside Japan’s Manufacturing Renaissance d.newsweek.com"
https://news.google.com/rss/articles/CBMikgFBVV95cUxOMDlFQTY3NzJVeV9NMU16Znp3d0oyRE9QeGd2Y1VRVDVkN2NKRjlFeWszd3JFbEpPck4wQVBCeVBTZ2FibTRnWGozd2JSNjQ3cnVmQ08tN0J2eVFtVjZ2Ym9zM3gwRWJ5S1Y5Y3RzYXJyR1R1ZThPNmF3cW4tSkM1ekkxUEUyWWdreXE4M2hkWXFRQQ?oc=5,"Tue, 08 Apr 2025 20:58:43 GMT",NEWSWEEK,World's Most Trustworthy Companies 2024 - Technology Hardware - Newsweek Rankings,World's Most Trustworthy Companies 2024 - Technology Hardware Newsweek Rankings
https://news.google.com/rss/articles/CBMiUkFVX3lxTE8xcENPRF9ubS1fbHlFd0NYVmFzZDBJbHdxczY0QjVjSS1jQWdMTk02U2Izb3NKWHJ4c1Mxdm1qUjZrcm0tQjJiQlpMempJZ0ZtOWc?oc=5,"Wed, 25 Mar 2026 08:13:15 GMT",NEWSWEEK,Q & A - Newsweek Events,Q & A Newsweek Events
https://news.google.com/rss/articles/CBMilwFBVV95cUxNV3lTdG4zMnM5S3NFTm10S0VfVnp3d29LWW8wMlg4d0tyVXl4LUlnajNibXdBSWJsbExhM21INzl3VlV3NDZ2b2hXRGl0bS1sdmVJTks5X01pZHBDc0cwWUtpei1PckVRcE9aU0xHc3lKbUZVb0ozZHJwQjFpSlpvWUhUblMxZjM4YkprUTlBaEFERlpqX1Zz?oc=5,"Fri, 17 Jul 2026 15:57:00 GMT",NEWSWEEK,Does AI Success Depend on Leadership As Much as Technology? - Newsweek,Does AI Success Depend on Leadership As Much as Technology? Newsweek
https://news.google.com/rss/articles/CBMiTkFVX3lxTE5DWGt0aUpVWUc1RFhhMV9oejc4QUFZY2Vhdm5ucms0eEZEZUtjV1FTV2xMMjB4TmpaOUo3V1ZYVzhHaG5uekNCcUxCeE9ZUQ?oc=5,"Thu, 22 Jan 2026 08:00:00 GMT",NEWSWEEK,AgriTech Event Davos 2026 - Newsweek Events,AgriTech Event Davos 2026 Newsweek Events
https://news.google.com/rss/articles/CBMiyAFBVV95cUxQYzY0UXlDRWJjSDZCbmVPZWdNR2JRQlFnLTR0NXhpWk1Ma1UzQ0dkbm1NWEF3WGZaN0xyajdLTXlSRlowUmJxQjhOazB4blU2RXVVM3UwTHR1U2FGaU1XWEpmSVE5Z3JjLVdSUTJyY2VxeTlzeHhKM04zYV9fSHh3R2U2bmxfLWN4eUxZRm56R3dsRUhZRVllWlJnb1ltVUVCcmNfTTc2RWhDbUI3NTFhN085SUpGdUdncEx1VDNtWW82Z2FuN0p4LQ?oc=5,"Fri, 21 Nov 2025 23:31:32 GMT",NEWSWEEK,Innovation Meets Safety in Japan’s Build Boom - d.newsweek.com,Innovation Meets Safety in Japan’s Build Boom d.newsweek.com
https://news.google.com/rss/articles/CBMirAFBVV95cUxNejNnckJBS1pwb0p5aWdIOVU1ZGg3MDF0VlRSSXZOSzctcHMtbHI1dDN2MjlBd0E2MVd5N0JQQ2pzV2N0MHI4YVpYVzA5LWZFc2JDS1VuM0h5eEVXR0U1LXNFaFNlQV9mYk9aWlAzZ0syNjZuTExhUFVuXzRCLVdLOVVkeVpMSGc5aXJYdnU2UTdlOHdIM3libnd0amFoRGFsQUF2eFpxTEhMbVh1?oc=5,"Fri, 23 May 2025 18:01:37 GMT",NEWSWEEK,Operational Technology & IoT Security - Newsweek Rankings,Operational Technology & IoT Security Newsweek Rankings
https://news.google.com/rss/articles/CBMicEFVX3lxTFBJTk13V0VFWHFkajFwYnZCZmJqWkxtdlhrdjlIY1IxdTY0Rkk2Y2JtM0ZmV0VBWEtaNHFHN1JESGdzUVgza0pkQmlQNm5iWUxrTllNd0R1UmxsRXYxVkFadEhYVDRaUmtkdXd6UV96cC0?oc=5,"Tue, 08 Apr 2025 16:28:17 GMT",NEWSWEEK,SS&C Technologies Holdings - Newsweek Rankings,SS&C Technologies Holdings Newsweek Rankings
https://news.google.com/rss/articles/CBMiU0FVX3lxTE5OMDNaVVFqNXRpRjFURWpOdFJma0lQS1N2ODBoMXBYQU4tRzExV3BWRU1oZkRfWHZfTHZHRm5VN2JHYUpZOURSYjBmVDJ3cWlmRWxr?oc=5,"Tue, 10 Jun 2025 03:27:38 GMT",NEWSWEEK,Climate Week: Powering Ahead - Newsweek Events,Climate Week: Powering Ahead Newsweek Events
https://news.google.com/rss/articles/CBMilAFBVV95cUxPX3p4OVg5UnFVbXZnUWNydGJQSHBaZl81cXhKSUtuRW9wWkpucGlqeFRGdEt4d09lemlxbmc0bXhNamVGTTFJcktUSWdNSW51eTA0Z0tReTJ6cFNBSWhoeEYzRGp4UUc4SnJjOWpSSm1lSFhYWThLYU1wSzlXZDRCdGI2Rm9qc3FNVHFrM3FwRnBEVlhM?oc=5,"Tue, 09 Sep 2025 02:40:52 GMT",NEWSWEEK,New technological frontiers in the oil and gas industry - assets.newsweek.com,New technological frontiers in the oil and gas industry assets.newsweek.com
https://news.google.com/rss/articles/CBMiXEFVX3lxTFAwTmRZenRKSURsUEtVZ2I3SUEzNHRTcFNMOHM5VEFnUnRKWi1LSjI4aDVmcklFV3J5bFBRSUZCNDdhMEQ3STZlaWVkZjFFMEtDY0M5SWJUaU5qZlVi?oc=5,"Fri, 15 Aug 2025 00:28:40 GMT",NEWSWEEK,Leadership Spotlight Series - Newsweek Events,Leadership Spotlight Series Newsweek Events
https://news.google.com/rss/articles/CBMilwFBVV95cUxNVUk3eGxGTTIyd3JFZTZUek9mMndhblRzYjZmMlpuQXBHXzMwMy1DS2JuMGdmaVRTclA0NHBKVEJqclVYd192TXpTc0Y4ejR2YVpnVnhuV0JucjZEWGR5OWRrZVFPU2lST1JMaTdXd29DTjQ2Z29HYnJON0oyNmQyenhhbk4zQnVkVGU1cFgyMkllRENXaUo4?oc=5,"Tue, 23 Jul 2024 07:00:00 GMT",NEWSWEEK,Where Generative AI Is Working for Doctors—and Where It’s Falling Short - Newsweek,Where Generative AI Is Working for Doctors—and Where It’s Falling Short Newsweek
https://news.google.com/rss/articles/CBMiXkFVX3lxTE0zdUhUMU1yUTFyUDVSWXl6bl9WS0h1eUNIWVFqMXRublYtTUpGYm9QTUVZVVZDMUtEMGZtRFFEUmtMYnpjVHJoME1LbkZERVU4c2hMSDRzN2NIazkySXc?oc=5,"Thu, 19 Feb 2026 02:44:40 GMT",NEWSWEEK,AI Health Summit London 2026 - Newsweek Events,AI Health Summit London 2026 Newsweek Events
https://news.google.com/rss/articles/CBMid0FVX3lxTE8zbTdNZHlqVGNqODBZN0lKMUM4RTlxNzROa2JhRFlPdFZ5WGNYU3d5ZmdQcjYwbldGN0tvQjIxX0ItY0NyMnJKSE51Q0dDM3V1LVhpT0ptejdUR1RBb2hUNHdNMUZvak4tUlBVekc1R0N1SmEtbTRB?oc=5,"Wed, 04 Jun 2025 13:37:28 GMT",NEWSWEEK,America’s Greatest Workplaces in Tech 2025 - Newsweek Rankings,America’s Greatest Workplaces in Tech 2025 Newsweek Rankings
https://news.google.com/rss/articles/CBMiZkFVX3lxTE1ZdEtZS2FIWWhJdE9KTURYRGxYblFyeFlWY0JDOXU3Qm1VYmhrSHdUZmFWUVBpQzZrTkNhb2VQOHpZZjFENFBmVmdaZFZtZW1LYlJDb2xEeHhkM3ZkU1Jfd09MaHA0Zw?oc=5,"Thu, 25 Sep 2025 22:41:18 GMT",NEWSWEEK,Videos & Photos: Pillars of the Green Transition 2025 - Newsweek Events,Videos & Photos: Pillars of the Green Transition 2025 Newsweek Events
https://news.google.com/rss/articles/CBMikgFBVV95cUxPS1NveXJoQ212d1RVMVZQd1pMdnpnQ05uWUpnTXFoTjltUllrQlA1eUhYSVFfUHp0RXZCVTJOXzJhYXZySGkzSmJIREdjdEpBSWpwdHVPQUhJZFRsUl9Eb284MmRrTXloc2I2WWRJZXRZN1lyQzBiTHVJbnIyOWdBMHVPMlVUOWVBWWlJUkFiMmE3dw?oc=5,"Tue, 28 Jul 2026 16:57:00 GMT",NEWSWEEK,Gavin Newsom's ex-girlfriend describes affair in detail: bombshell essay - Newsweek,Gavin Newsom's ex-girlfriend describes affair in detail: bombshell essay Newsweek
https://news.google.com/rss/articles/CBMiqwFBVV95cUxNMXk4T1VMM3VPSG1iWS10aV9teEUxVGwzVkhPUVA4WFVoeGVlSlkxM2ctMElfMlE3dHZfS0Zsd0ZnQ0hGLTU5cFdpR040bFVpNUxRVHRTcXdGbUFYRUpiVWR5ZU5Cby1tVGktb0IyQkpER052RXJuRkc0US02WExjcTdIS09JVklxNm96ZmgtdHlERWY0U3d1WmQzajBSaFkwRWlTVDJPMnhkVWs?oc=5,"Mon, 27 Jul 2026 21:49:00 GMT",NEWSWEEK,DSA co-chair sparks bipartisan alarm: Read full platform - Newsweek,DSA co-chair sparks bipartisan alarm: Read full platform Newsweek
https://news.google.com/rss/articles/CBMiiAFBVV95cUxPMXowaTFkaEE0RW5MdmJmNE1MakVCWjdWUVNEc3Fza29yRWo2LWloTllSUU5wUHBOVF9XNUNYQVlWejBFSnJKN0xLbHM2ZUxNSjBUQ1JnX0tvV2R5TmNmZ3lJUnFlTi14N0FFQ0NsYnNpblU5MEZuNDZXSEJxemUtMS1Uc0pfajRr?oc=5,"Mon, 27 Jul 2026 19:51:00 GMT",NEWSWEEK,Sophie Cunningham Said It. Women’s Tennis Turned It Into Politics. - Newsweek,Sophie Cunningham Said It. Women’s Tennis Turned It Into Politics. Newsweek
https://news.google.com/rss/articles/CBMijwFBVV95cUxOcDZSRnlxVHh5SFJtcU5naFFoQVM2SzBzZGwzck4xLUFvQVNob2p1dlB4RHNXa1Y0anRSUlptZmF3V3VQS0NXcmIxeC1TT1o5LVd6eFJ5TFhzZklxLW1pMmZTN1lXZldyOHdVclZWRF9LcU5zYzRGRUx4elozdHFPdXdmZFY3SmdwZVdST2M2MA?oc=5,"Tue, 28 Jul 2026 09:00:00 GMT",NEWSWEEK,The Deadly Truth Plows Through the Delusions of Pride for Palestine - Newsweek,The Deadly Truth Plows Through the Delusions of Pride for Palestine Newsweek
https://news.google.com/rss/articles/CBMimgFBVV95cUxNWnFnNjdqZHU5OU5FSHBoM3JNUnFTaUs0UzdYQ2xjMldYTWFwX3AwNFlwa05ienVkNGNlTHI3N2g3YVlDYlJkbEtLZjdrQUpYSmlCOEhaT0d5Q003ZUVHcXVmQ3gwYndYSjlDWWlBMFl3Z242eUVCbkJnYWdhRTNrZmlleTlTRmF5bTk2LUhUY1IyLXhKbEZ5eHlB?oc=5,"Tue, 28 Jul 2026 13:27:00 GMT",NEWSWEEK,El-Sayed’s Chances Against Stevens in Michigan Primary After Debate - Newsweek,El-Sayed’s Chances Against Stevens in Michigan Primary After Debate Newsweek
https://news.google.com/rss/articles/CBMiiwFBVV95cUxOaTViYXlPZVdlMGxwczFuNDR6cThfeWdSOUtQal90T1hWa2sxaFZGZUVWUWRSeUswRmlreU4yY0JuUW0xQ1czZW5VVTBnSWlhQ0pLd2FGMEZxS05pdmtyWGRkbktORHJtNVhuVkpCTWZROHhJQm1RT2xxVFQybEd2UFI3WVAyWktRNVhj?oc=5,"Thu, 23 Jul 2026 14:01:00 GMT",NEWSWEEK,The 13 Democrats Who Backed Voter ID at Elections - Newsweek,The 13 Democrats Who Backed Voter ID at Elections Newsweek
https://news.google.com/rss/articles/CBMikwFBVV95cUxQeWNOYjR4X1JCdzU5RDVHV2pFcXdMVFlXV1NEZTU3MmlkREFUbzRRS0dtZjd0UzMyS0VmazhqWDBKRVJEZFNZUXI3eTN3bDNHZXBUYzZzRjVvdGlvUGQ0anlkRXVHVVA4VDZxNmRfYzNnZVJVYVFRb2JaYk5VZ0tLNmlVT2NVN0xiUlZmVzctd2FXMWs?oc=5,"Tue, 28 Jul 2026 21:39:00 GMT",NEWSWEEK,Socialist Francesca Hong Surges in Wisconsin Despite Democrat Anxiety - Newsweek,Socialist Francesca Hong Surges in Wisconsin Despite Democrat Anxiety Newsweek
https://news.google.com/rss/articles/CBMijAFBVV95cUxOWTVyUFpCWU1LdXVCaFJoSC1SdEZkMUZrdFFvZE5ydUZmaGJLaW1DdzI4NzJnNFF4TkdPWlJNZ1V3Qmx6N3BKUEp1VURmOTVxX3VTYWxiUS1IRVhGTjBwY3l5VGNjTDJ1eWhlS3ZCT2JXQkphR0lKVkNBdmxUYzE2SUZtd2lQQnVuTW4xQg?oc=5,"Tue, 21 Jul 2026 18:46:00 GMT",NEWSWEEK,Democrats Found the Election Scandal Trump Needs - Newsweek,Democrats Found the Election Scandal Trump Needs Newsweek
https://news.google.com/rss/articles/CBMimwFBVV95cUxPQk45Y3k1ZE5WRGtWZ3RGV0xRZ0lFSVRwaUZlTlUxVlFkRF9BekFxWGt0LWhFbWVKYXBaLUYwZ1lKNWljdUw5bnRfajA4b0VyY0U0cXUwaGxXNUZMTUM5Q3J6dFdBNFlPRXJ6dmQ3M3kxSzJkeFQxbTZyY0pscnFoZnBKREdEYXdNa3dtTEktS2hfdlY1Q203TVNDYw?oc=5,"Sat, 25 Jul 2026 21:15:00 GMT",NEWSWEEK,Lindsey Graham's sister leads poll to replace late senator - Newsweek,Lindsey Graham's sister leads poll to replace late senator Newsweek
https://news.google.com/rss/articles/CBMipgFBVV95cUxPd1l3MWNJQzVzbGkydk5UMG81dnZMWGc3MVduZGVwUWtDQ3BYNzVwQkV5Z1BoYk9JLUVkTWlfLS1zV2tRZkFQcC1lNHFzOFhiZGtUTzJQTXNENFZrRmxTSEM0ZEFMcFJ2YU52Z1YwWmRFRklYQkJJWFRsb2dtWm93a0M4NDhiaHN0N3dtVkJrX1hrS3NIdFlxcGVuN2NQUVRndXR6N0d3?oc=5,"Tue, 28 Jul 2026 01:28:00 GMT",NEWSWEEK,Trump pays tribute to Lindsey Graham at Washington National Cathedral - Newsweek,Trump pays tribute to Lindsey Graham at Washington National Cathedral Newsweek
https://news.google.com/rss/articles/CBMirAFBVV95cUxQX1RNYUFYMzlYem5teDJuR3I2MUJxclVzelZnT0t2dEpEd01TRlA1cDRhVjNoc2tPUGFVVmYzSE82OWRNSnpRMWJrbUc5b3FLU0VvMzFFOEZIeWFXdUlZdnJpMkZQQUZXbjlab1VKSkN3MzgwaW4wTG5hLUQxTkE2QUQ5dU1fOGtiMmpVb1g0UTVYRHlCWnk4bENkTnBvOEprZ2ZoSkNIWDg5X3Q4?oc=5,"Tue, 28 Jul 2026 22:37:00 GMT",NEWSWEEK,Greg Abbott’s Chances of Losing to Hinojosa With Less Than 100 Days Until Midterms - Newsweek,Greg Abbott’s Chances of Losing to Hinojosa With Less Than 100 Days Until Midterms Newsweek
https://news.google.com/rss/articles/CBMipgFBVV95cUxPNld4S3FQVW03S1FKYnVybVlMeEM5Z1VrQUhaak41blRWNzljcXVjVDdRUDBJSG4zN3Z3RktCeWpfeTZFclhaeDFwS1Y3aVVEenNrWm5wX1BJRXlCN1djVktjUHZsbEwwcnprQWUwcnVKOWwzUXRWN2thcUJnUzNxTVZLX00xRlVFQUQ4VXVoSkRwZk1DVTRJQVpLYVVvYUM4NW1xZF9B?oc=5,"Mon, 27 Jul 2026 22:54:00 GMT",NEWSWEEK,Secret Service Investigates Iran-Linked Video Targeting Melania Trump - Newsweek,Secret Service Investigates Iran-Linked Video Targeting Melania Trump Newsweek
https://news.google.com/rss/articles/CBMiqgFBVV95cUxOVTVQTFpNdDFkdV9HUG5WczhBUlN6bHBmRzk2elE5YWgtOXFGcERPM1BBZEVsZ2NOM2pJTGhjSGlTVV8xNHhueDQtSWJ6QXZMLUQ3TWJZUXpqNTVEeFF5MXlBMzRhUnNTNjdyRFJfd096clE1ODZYNmFBaV82SkJ1RVF5OGR5QVd5Z3NPVHQ0OEZHVmJnT2FnMFpIZTdPeGtTRkR4UXhiYTVJUQ?oc=5,"Mon, 27 Jul 2026 16:32:00 GMT",NEWSWEEK,Map shows Democrats' chances in each key Senate race with 98 days to midterms - Newsweek,Map shows Democrats' chances in each key Senate race with 98 days to midterms Newsweek
https://news.google.com/rss/articles/CBMidkFVX3lxTE02c18wU0lwRGQ5RjNRblowYzVSQTdkMm1saTA0NF8wUVJnbDRlMXRVTHJXY1VuR08yM0NKZHVHTG9GVGlxODdySGxQN0RnSHlPdUtaMGZpb3lOVXVrSVZxT3lobjNBay1mV1p1QnFuMTZRNmRRTEE?oc=5,"Sun, 26 Jul 2026 09:00:00 GMT",NEWSWEEK,100 Counties Likely to Decide the 2026 Midterms - Newsweek,100 Counties Likely to Decide the 2026 Midterms Newsweek
https://news.google.com/rss/articles/CBMihwFBVV95cUxPS1kwbGh0dGN4aFAwcW9vdjN2djdpd0cyM0hrcWk3OE9hVTAzQVNCd2xhaU8xT2dEelRTVHdLMlMwa3lQdmIxZGJfU0lXVUc5cm5McnJXMUQ4YlFBczBZaFFYeFM1Y3NzUXdCd3QyblBxRmE4UzFfYWVRREFBZ01oU1lqUzEyQk0?oc=5,"Sat, 25 Jul 2026 13:09:00 GMT",NEWSWEEK,Donald Trump’s Approval Rating Flips With Rural Voters - Newsweek,Donald Trump’s Approval Rating Flips With Rural Voters Newsweek
https://news.google.com/rss/articles/CBMijwFBVV95cUxQcGd2NktfSm1nQ1ZaOExpbWhtbUNwcDlrUDhVcFZoYkM4U3pxTnVGZ0k0ZDZqLVJhc0h3cXUyQlBjbzNiUEZKLUUtVUdyei14ZW9qSERmLUJoX1VLYW9nRzlhQWdacjluSWoxNGFud2RhcDJwQ0FFZ3pzczU4djl3czhlMElkR2Fxcllnbi1VVQ?oc=5,"Mon, 27 Jul 2026 19:41:00 GMT",NEWSWEEK,GOP Senator Says Pete Hegseth Has ‘Lost My Confidence’ as Iran War Drags On - Newsweek,GOP Senator Says Pete Hegseth Has ‘Lost My Confidence’ as Iran War Drags On Newsweek
https://news.google.com/rss/articles/CBMingFBVV95cUxQanU0cnRkNFhZaFZsR00wbUthblN5X0NOYU82THF1UWhiekxWcmVaUU9Kc2RZUTVwU0o3VW12R3FSdkRZb3VSekkzdmhkUm9rTmZpNnNLOTc3VWFKYVJIbEpJcWctMVlKUXFDazFadUlzbGZNa1IyMWpDQ0M5RnYxLTM3eFJ5dnI2cGptZGRtWGd4NmxjaEVjb2IxQzM3Zw?oc=5,"Tue, 28 Jul 2026 14:22:00 GMT",NEWSWEEK,What Are MyGender Dolls? Gender-Swapping Toys for Kids Spark Fury - Newsweek,What Are MyGender Dolls? Gender-Swapping Toys for Kids Spark Fury Newsweek
https://news.google.com/rss/articles/CBMiggFBVV95cUxOR0hEeno0UldRa193TzhpdjZGWDh0SERwSmM1My1CaGRHU1lsRHMzTmRBNjZvRXp0NVNKTkNWRnBscGVHOFFrSndUdVlKd0FjUXZLZlZoZHJzRHNJS3N6ajRxMkhyZWRXX2NOeE9VbVlLbzRrQVJEcHlPZExCV1hXclhR?oc=5,"Fri, 24 Jul 2026 22:23:00 GMT",NEWSWEEK,"Trump says LeBron James is ""maybe a racist"" as Shapiro celebrates 76ers' move - Newsweek","Trump says LeBron James is ""maybe a racist"" as Shapiro celebrates 76ers' move Newsweek"
https://news.google.com/rss/articles/CBMipwFBVV95cUxQcU5VMVhSa05UQUZBSU5NMHNGTUxkMGgxUnp3bHpfVHc4emZsWGU4bDF1TUVpaUF3anlJTTMtZS15aUdOdmVjNkdfWGVPN2JrUUh1UFhXd2RiOGl0aTVnUS1iVzVnNnJ1Qjkwc0JjQVl5S05pQVRQNkRPdkNtSWZ2SVVuUXlLVmp1S1RnQXQtVE0xNWJaNjI5LXMxVkJ0M2NuRVA5VlA2VQ?oc=5,"Tue, 28 Jul 2026 20:28:00 GMT",NEWSWEEK,Trump ‘Gambled’ and Nobody Wants to Ruin It: Venezuelan Opposition Leader - Newsweek,Trump ‘Gambled’ and Nobody Wants to Ruin It: Venezuelan Opposition Leader Newsweek
https://news.google.com/rss/articles/CBMipAFBVV95cUxNcHRReGxVZjhjeE5BNHE1Z0w5dzdsY05zczY4cFB3Nm03YVIyUFJFMTJETGtIR21oQUhYdWtOVEVTQlZZdFNtMnZTZHJzZnpaMGVMTzgySThhY0M5Q2tlcDVsd3RabGNwRWJnRVlLQVR6NEJWXzlwZl9fN2JtNjdrOEN5cDd6cGRiRkJjcjlyNVJERDk5VEZCcUphREx0bUM0Vm9oZg?oc=5,"Fri, 24 Jul 2026 20:11:00 GMT",NEWSWEEK,Viral Trump Rally Attendee Reveals Why He Mimicked President - Newsweek,Viral Trump Rally Attendee Reveals Why He Mimicked President Newsweek
https://news.google.com/rss/articles/CBMilwFBVV95cUxPWi1rdFl3MlpFTUthaWhjTFZEbFJyU29fb09BRXV3Ry15UzdFWklaNXBaZUw4TFBoRGx0Wl9nN092eWphN2F6dlpjbjBXNTJ0RktsRzJjN3VoMUdrRTY3bWRtTUdNLW1kdU01QmJwNnRQV2hUUDMwb0I0NS1FdDFTRzVSRExzVF9mWllPalVSSFJpWE52Z2NF?oc=5,"Sun, 26 Jul 2026 09:00:00 GMT",NEWSWEEK,Donald Trump and the Midterms: Democrats Fear Nightmare Scenarios - Newsweek,Donald Trump and the Midterms: Democrats Fear Nightmare Scenarios Newsweek
https://news.google.com/rss/articles/CBMiqgFBVV95cUxOX2p3LTVRODRWN2MwYkFiTjQ4d2RvcEtKLXJleUNUNm9yLUl1SEo3NHJmYms5ZmxyREtSaWRmclpVaFpDOWlHYjQybVNvVmRRd19xZnJ3d3M1YU9kLURRTUx4UlJkeTJvR3BHMXUyR3pWUUY5VTAwdlJ3QTNXdUxTR1dfOVI2RlNHMzhrbmV2QWZlcDA5eDhYWkNNQVZiNlg5ZXd2ZGZOeklpZw?oc=5,"Mon, 27 Jul 2026 11:34:00 GMT",NEWSWEEK,FIFA President Gianni Infantino Issues Defiant Message to World Cup Critics - Newsweek,FIFA President Gianni Infantino Issues Defiant Message to World Cup Critics Newsweek
https://news.google.com/rss/articles/CBMiqgFBVV95cUxOMVRjNnBQVjlVWXR6ZWFzeG9XNU1jNmdPaU9DZXQtenNOZGl0UVZSVV9CVWc2aTlOYjlNSlBZOEJ4dUlLN1Rud1NqOVlHMkFTVDR0VzBocG5vRW14d2dCNHphZjdHQmhFZk1yN1Y3VEU3WjA1T2RtZFprTDUzTHE3MFMyOEFRMTYtM2F2S2FLQWhCNEs3OEFRYlR1Mi1ZOGpQLTVoN3ppbm9KQQ?oc=5,"Sat, 25 Jul 2026 02:22:00 GMT",NEWSWEEK,How South Carolina DNC Win Could Affect Democratic Socialists’ 2028 Plans - Newsweek,How South Carolina DNC Win Could Affect Democratic Socialists’ 2028 Plans Newsweek
https://news.google.com/rss/articles/CBMiqgFBVV95cUxOZkZaZExqQnJsR1d2elFpZGE3ZWowSWMtM0VhdHVpQUFja2ZuQTB4S1V5RWNOWVJJUnhxaXpfcnJKbFhZV25XNEtrcEMxMWEybmV5cFYxS0F5Q2V3RDlaMzI0Wl83WU9nZXdWeV83djR4QVdoTE01S2VOTTVCYko1aDMtTndkX1BJdFR5ZDhENVRLd3BqVlcwa3BXV2N1dWozVVdrX2wtckNiZw?oc=5,"Wed, 22 Jul 2026 16:18:00 GMT",NEWSWEEK,Some Trump Voters Think Gas Would Have Been Cheaper if Kamala Harris Won - Newsweek,Some Trump Voters Think Gas Would Have Been Cheaper if Kamala Harris Won Newsweek
https://news.google.com/rss/articles/CBMirgFBVV95cUxOSkoxcUF0SUYzOEQ3R3ZBVm9tb0EyN1l6enhSS1Y5czV4QXJPWHJFb3NnOUFCTDY5N29JbVg1azRKMjN5Z0xTVTJXMDAwcXV1elhzdDE5VklrTnhGcnEtMV8zcWllVDdVWTN6UXdDOTYtNUtZUnZpdWtkbGJzcGNROWdPN2JoZ1htRVRmNHFQVExXQmcySWdkd0xuN1l6eHBZY1NVZ3ZzWVBrZVVreVE?oc=5,"Thu, 23 Jul 2026 16:52:00 GMT",NEWSWEEK,McConnell Faces Scathing Pre-Death Obituary in Largest Home State Newspaper - Newsweek,McConnell Faces Scathing Pre-Death Obituary in Largest Home State Newspaper Newsweek
https://news.google.com/rss/articles/CBMimwFBVV95cUxORmgxcVdFRlYwanZIY0xtMkVNZFFOOW5aQUlhaFRfOGRpWjZ0b1pEcUUzUzNNYXA4d0RSLVdVeDdWdHFMbTFDQWlNTzl1eC00RmNrckF3cjRncWNLZlQ0NDIxYS13Ny0tWHQ2bGtyRTFaUExUcWZwX05pZi0tYmFSOWNxMzk3elp1RTliYmtMRzl0MU0xZ3J4Z3Z1VQ?oc=5,"Tue, 28 Jul 2026 17:46:00 GMT",NEWSWEEK,Netanyahu Asks Trump for Help as Chances of Losing Israel Election Soar - Newsweek,Netanyahu Asks Trump for Help as Chances of Losing Israel Election Soar Newsweek
https://news.google.com/rss/articles/CBMiqgFBVV95cUxNYnRfNklUNXZJcWJiQi1DUlFlSEdxLVBqM1VWdjUzbzNqQ3Zlekk5WlYzVFRpYm1PWmtGcmFMVXNQQVI2dUJkcnRWUDZ5MElxdGpINlllWEx2SlhEQVBvaU0zZVlmSWVBOVRacTZ6eWxjYk1KWnJIcHVxbXRmQ2R3YVotaU1ZZm93MlFNaEloTmNzMXJRVm1JM0FzYXNCTXNCQ2ZRc2JEMDJMUQ?oc=5,"Fri, 24 Jul 2026 18:40:00 GMT",NEWSWEEK,Tired of Red vs. Blue? Joe Manchin thinks he has third way out - Newsweek,Tired of Red vs. Blue? Joe Manchin thinks he has third way out Newsweek
https://news.google.com/rss/articles/CBMijgFBVV95cUxQcjlrN0thbGhPVDdtZ2NwbzhEODk3YnM4c2d4dHVEalh3aEhpbGRkZG9qWGxZS2NVVno1cVB6S1MxQUhBM2lEazVUekI4TkFxZ0VvUng3T3JtMEJSVjZRRWt0TUwya1NmWVdPQnhUOHBwMlVLWTE5TGtJejZJRDFoNjNSSzJwOEFieHRTMzFR?oc=5,"Sun, 26 Jul 2026 14:59:00 GMT",NEWSWEEK,Can Democrats Flip the Senate? Chances 100 Days From Midterms - Newsweek,Can Democrats Flip the Senate? Chances 100 Days From Midterms Newsweek
https://news.google.com/rss/articles/CBMipwFBVV95cUxQamRhbWJ3ZGxJbkl2a1JXWHY2UjBxc0F4QjNoOUJUeTJDWC0tNENDcmJkc0NfVDdGdW96dmdDUGVPcXJIMEZWR19ldGsyY05relN6TDVyR1NWeUllNi1CWGpsbDRNNVZ6LU5MUzdKVHRDUUhuZDd1S1NIbkJ0MDVIdzJXZGVFZVlBWU9vWW42cUF0aGFFQ3o3T1hKTVE1NU83cGNRRHMwMA?oc=5,"Tue, 28 Jul 2026 02:47:00 GMT",NEWSWEEK,"Kaitlan Collins Says, ‘It’s Really Not About Me’ After Trump’s WHCD Insults - Newsweek","Kaitlan Collins Says, ‘It’s Really Not About Me’ After Trump’s WHCD Insults Newsweek"
https://news.google.com/rss/articles/CBMiqAFBVV95cUxPWm5oMTRlQVgyc3ZtTUg4RkVxZTJTYnRtX2hfYWIwTWlsWnlYY2RzWVU1d0Z1NkJid3pzUFhENzBRdm56WjV6dUJyVnhrLVhpWUNMckhQQjJ0Q3kyS2Q1MWExdmdaUl9CUG5KdlEyajZNYWh5WW9DMFRCenlSSFVDZFdac29rdzNVM3pjN2RrV1Z0dE5XMHl5RUxtZE1LUnpTYW9lTGpseDI?oc=5,"Tue, 28 Jul 2026 15:59:00 GMT",NEWSWEEK,Donald Trump’s Approval Rating Drops to All-Time Low With Major Pollster - Newsweek,Donald Trump’s Approval Rating Drops to All-Time Low With Major Pollster Newsweek
https://news.google.com/rss/articles/CBMimgFBVV95cUxNbVI3WjN6MnVLak1Jb1VERk9DRFBiVHMyQTJEc1pMTGF5VVhOQVdtV0wyYjd5UUpIUF9EUkpOZlFoclg4bDF0SUVPekZHRGZQOVBtRW5DUW1DdzNqLTlrWGhjYk1IaU1sRVdONldfX01GbkhYUV8zbWt6bEFxVGptbmdNbElhZGRPN3RXMkI4TWY0VDVRR3l1NTRB?oc=5,"Mon, 27 Jul 2026 17:58:00 GMT",NEWSWEEK,"Trump snaps at reporter over ""stupid question"" on SAVE Act - Newsweek","Trump snaps at reporter over ""stupid question"" on SAVE Act Newsweek"
https://news.google.com/rss/articles/CBMifkFVX3lxTE4xd3VGZXRMY2RQMDVXSW9MaVhlMnQ4S2xJM0FtUzdsT3hTcDYyWFE3TnZuV1JuMmpULVRqT1VfbGh6SmpMb1hKcTJJVUpJSWo2R1F4dEx4NXJxLWxMYUNQSWZzRGRGcGhXZUlseWl0YWpNblU3RTd5Mk00LXNBUQ?oc=5,"Sun, 26 Jul 2026 09:00:00 GMT",NEWSWEEK,Everyone Is a Hypocrite When It Comes to Religion’s Mile High Club - Newsweek,Everyone Is a Hypocrite When It Comes to Religion’s Mile High Club Newsweek
https://news.google.com/rss/articles/CBMiqwFBVV95cUxPZXlObVVwM01FRGZkTHVTMXdrUE9aaXFtQ1ZhT2ZWZmZBZExpaEdWbUhVZWZxakVnX2xOMXI3dFgtNWRlSmZLbG9PVDQ3N090a0pvaVJvZDBxdUNZeVNzUkc2b2hubERnQnhrNDVNZDFIUmFKbkhaWVZaWkpXa21aTm5DWXBnVjdBa2RJN3I4U0IzTFBoSV91UktiTXUwdTJQRVJWWGdDZFRpSjQ?oc=5,"Sat, 25 Jul 2026 15:44:00 GMT",NEWSWEEK,Is Mitch McConnell Alive? Three Questions That Could Finally Force Answers - Newsweek,Is Mitch McConnell Alive? Three Questions That Could Finally Force Answers Newsweek
https://news.google.com/rss/articles/CBMipgFBVV95cUxNSFo5U2hZdDBoenAtZ3dneDdyVWE0NzRaUUJnZzl3TTlEZHJudEpfTXk0TTVueFVGemZLU25RcnU5RjAySHFKNXFjSGNjQUM3SFVDbUJ6MnBBRlhVX3dYNlJkaDNlWk82Wk5lRlpIUlFXUDM3TmlJVlVRSFZ0dVBvcG9YclhyZjltR255dXVWeTl3dUxWc2JibzI2SHppSGc0dWRCVm13?oc=5,"Tue, 28 Jul 2026 17:28:00 GMT",NEWSWEEK,Map Shows States Where Nuclear Waste Could be Stored Under Trump Plan - Newsweek,Map Shows States Where Nuclear Waste Could be Stored Under Trump Plan Newsweek
https://news.google.com/rss/articles/CBMidkFVX3lxTE56Rm9HX3dOOElGVHlTNzhoNFNubU9DanpINEhFYnMyVmpOMTg3NWNBOFFpSXhpUUZ2MlhEVG95am1xOTlZdFppVXJiWVpkSDQxeHFkQWk5aE00VmpOT3BpZ2ItQTZMMk5pNVlKSEQ1dncwalNmZmc?oc=5,"Tue, 28 Jul 2026 12:53:00 GMT",NEWSWEEK,Europe Is More Trumpian Than Its Aid Grandstanding Admits - Newsweek,Europe Is More Trumpian Than Its Aid Grandstanding Admits Newsweek
https://news.google.com/rss/articles/CBMipwFBVV95cUxNNXJxSHhSVnlZcXVJbm9JcDd4WFVrajdoS3FfbHJFRS0xbGI2TE5FTUJMOUF3dlBJOVd5WjNveTQ5YVVkelRVcHdlLTBjMDVGb1Y5V2ctVmFmdjJUN2g3NWgwVkhKUFdveGE0MjlicDRYTk9zVFQtazRDODFEWjZnSVBmVjFObXVVczhqTnJtOVZnd1FYeE5sNUNSVjhERlU2UFFpSGV3NA?oc=5,"Mon, 27 Jul 2026 08:36:00 GMT",NEWSWEEK,"Putin Preparing to Mobilize 500,000 Russians as Public Opinion Plummets - Newsweek","Putin Preparing to Mobilize 500,000 Russians as Public Opinion Plummets Newsweek"
https://news.google.com/rss/articles/CBMimwFBVV95cUxPRWx1bjlmVFB1S0lkazVYay1RT0ZVNkExR2RuNlo4anc5OC1yMWt2Xy1CWjY1M0c3dlNkdHV2OFlkVGZXTTRiRFJSUVdYSkhibktyeWNZMklRN0Ytb0tfYzFfdHdHLW85SGxzTEQ5ZTMtT2ZSUEd4d3JtZ0pXUEpsZmExZUlFWDd0TWNrZnczQ1hXbE1GWUVHQjk0OA?oc=5,"Mon, 27 Jul 2026 14:08:00 GMT",NEWSWEEK,Fauci to Testify About COVID Pandemic: What His Diaries Reveal - Newsweek,Fauci to Testify About COVID Pandemic: What His Diaries Reveal Newsweek
https://news.google.com/rss/articles/CBMingFBVV95cUxQNEdIUERaUGRJUFVCODFuVDBQYzA0cG9wRWF6dkNvaGN0eHRCek1EOUxlWmxYVUVlempRb3AwRUEzSk9Pa2szVmxlQmtlTmY1THRMWDc5RUVKWkROc1EwM3RBOVAxUTlTVXdVQ0dCVTdGd2JMVm14TjRqZ0ItOUF5M1NOYW8zTGZJRnpIa20yTkdiNlVsNEJ3amJlNDJXQQ?oc=5,"Fri, 24 Jul 2026 08:45:00 GMT",NEWSWEEK,Map Shows How Permanent Daylight Saving Would Impact Each State - Newsweek,Map Shows How Permanent Daylight Saving Would Impact Each State Newsweek
https://news.google.com/rss/articles/CBMiogFBVV95cUxQTGhwdFJhUF80NnRhNHE0SGRSZGhRbkpsVHlNblNuUVBLakw1SjN1VVBSOE1XRnBURFg3dGVtd0wwYzdzRXBNc3RqQmdhOTZNdDRMR2hrVFRGRFpBWjYyd0k4QUw0N05KcG95QVNvXzJhb3FjaXhuT1ZqbWVCQ0phS2hldW5uTVlteGRfM2RPazZTbl9mUmx0VWl3S1I5ZFZjaFE?oc=5,"Tue, 28 Jul 2026 07:20:00 GMT",NEWSWEEK,Witness in Reflecting Pool Case Said It Was Already Damaged: Lawyer - Newsweek,Witness in Reflecting Pool Case Said It Was Already Damaged: Lawyer Newsweek
https://news.google.com/rss/articles/CBMiqgFBVV95cUxQR1FHZ01VNFdEQWNBTUI5WV83UnlTTjA0OUxDWl95NzczdlBod1FxRk9SM3hXM004dHJHN1B3enJsUnNWVW5uOWFDUVRRdEdCWUpNWHNwY2xEbHBLYjBSN1lwLW5iNzhoWE5QclljbkI2enRFbTRZSHBMQU5GR3Fxc3JENmtDM3l2eWFMQm1JVXFuNUVKQUxvejFuMzZtd21yeUJfSzRKM0NJZw?oc=5,"Mon, 27 Jul 2026 17:34:00 GMT",NEWSWEEK,"Water Deliveries to Lake Powell Could Fall More Than 50%, Researchers Warn - Newsweek","Water Deliveries to Lake Powell Could Fall More Than 50%, Researchers Warn Newsweek"
https://news.google.com/rss/articles/CBMikAFBVV95cUxNZnBDa29tSVJHaGxZS0JoblJFRGFRLTdYeVhMSEQ1UmJTMk1GOXNSUm5LWVNXTXZFaE13SWRjS0FoYXRpeDJfSk04amMxNnNablFjZ1lLdG5wbWdGVXpYN1RQX0t3S3J3bHMzODFpMmU3Tm50TVdCQmpuaUc4ak9ySnhJWW1zZTB2cmJZcVdoYWM?oc=5,"Tue, 28 Jul 2026 16:22:00 GMT",NEWSWEEK,Hurricane Genevieve Tracker Updates as Swells ‘Pose Dangers’ to California - Newsweek,Hurricane Genevieve Tracker Updates as Swells ‘Pose Dangers’ to California Newsweek
https://news.google.com/rss/articles/CBMipwFBVV95cUxOclNYU21ER3U0ZEtNZTBoUHhhLWRFd1JaR0xBR0tSTmItQkNmRmFERnYyRjZBSFo2cW9VR1ZZNU9pNmhmcmN2QmtHdk1PUk1UanRQZHpDYnhoODh3N2hSNkpCY0ZmMjRoYmd5Ylk2RnUxbk1iU21oOWQ3Si1Zc3hCYWYtQ2l0c1NWNVFQeXdwejNpQ1ozRE5CNVFUVGR4T2ZOZlJ5Y3pnYw?oc=5,"Tue, 28 Jul 2026 09:10:00 GMT",NEWSWEEK,Mitch McConnell’s New Rehab Photo Raises 7 Questions About His Recovery - Newsweek,Mitch McConnell’s New Rehab Photo Raises 7 Questions About His Recovery Newsweek
https://news.google.com/rss/articles/CBMiowFBVV95cUxOa0VHd0E4NHRHOXVHMk54ZTc0enYtTl9NQnRwV1hQTXpBSUthektsWDdxVDZfTDlSa29ZckVMNTAtbGZoQUl4eVkxTmN2TFZ2ZEtScUxSVE5obG5fbC1MRW1qOVNQZzRQOVF0RlFtZGF3am4wdHk5VXN2TWpTbGFlaTV5bjZ5aGNGQTdyNU5QMThyZmlFeC1UbWtROU9PNk5KTjRF?oc=5,"Mon, 27 Jul 2026 15:54:00 GMT",NEWSWEEK,American Mom Compares ‘Next-Level’ Kid’s School Lunch in France to USA - Newsweek,American Mom Compares ‘Next-Level’ Kid’s School Lunch in France to USA Newsweek
https://news.google.com/rss/articles/CBMirAFBVV95cUxNRmZBLTI3d1pXdkNVeDhaSk5HUmpJcHF0dW0tWXYxWFljdXlaYUVxUUZzMWZybVJmLUJqWU5tR0M0RzNhWllkemwzU21fOGFFWjhKVHdQaVdieUJoMWNiRTEtWm55MTVMUVoyTE9HX1JJU1pEVEd1S2Z6SkNVTFlVYXE2M2J0UERCdjl4alR3cHhDOTVLM2JJQTFjSnhrS2xKSEUzcEQ5UEIxMUQy?oc=5,"Wed, 29 Jul 2026 10:04:00 GMT",NEWSWEEK,Prince Harry swipe at court under pressure in fight over $45 million costs - Newsweek,Prince Harry swipe at court under pressure in fight over $45 million costs Newsweek
https://news.google.com/rss/articles/CBMingFBVV95cUxQTnNTa2hHaEhqTzFGcHM1QTl6aWpzNm9YOFpOZzJ2ZHVwMktPRVhzaDdxZmt3TjNPRmFvTjFTc01sYWZkTzJXNGZaV0dpNkM1Wi1hUTFSM1FYeGdqUzhJZVFCZGZtTGJ3eC1wUHhFMm4xSXR1R2Vvd05xc1RsRVdkT3VfRDFHc202NE5TRDRwZGw2TzhHcEZWRnExLU1CUQ?oc=5,"Mon, 27 Jul 2026 17:11:00 GMT",NEWSWEEK,Why Is the Pentagon Splitting Up US Military Casualties in Iran? - Newsweek,Why Is the Pentagon Splitting Up US Military Casualties in Iran? Newsweek
https://news.google.com/rss/articles/CBMiiwFBVV95cUxPSjZ6bEhNU05FM3RYZzZNV0F4d1RwOWRrdG9zTlhFMjk2alA1bTh5SEx5ajUwejRvNXBmM2xaYV9XYkU3Snl4NF9LbEMzUzNDZ3hOdHhoT2lQN0pSSGhIVXdMVDliMkYxY0xtWlBXNWxMMHZYekNYZjBuMElIb2pVelY5NER2RXZrdWhJ?oc=5,"Mon, 27 Jul 2026 12:23:00 GMT",NEWSWEEK,Judge Orders DHS to Return Migrant Deported to Honduras - Newsweek,Judge Orders DHS to Return Migrant Deported to Honduras Newsweek
https://news.google.com/rss/articles/CBMie0FVX3lxTFBwWDJBRk9qSGVYX2lURHNKZEZIcDR6RlFpNGlyc1dsR2p2bnp4MFp0aEZTd3pBNXZhazMxOUhqSjVOdFEzaERCcTBtMjlJNGE5cGJqbUVrak0xcnNNUGtJTE9IVUtNc0lnRThzVHRvaWdRVkh6ek5XdTh0VQ?oc=5,"Tue, 28 Jul 2026 10:59:00 GMT",NEWSWEEK,Mall Collapses in Japan After 7.1-magnitude Earthquake With People Trapped - Newsweek,Mall Collapses in Japan After 7.1-magnitude Earthquake With People Trapped Newsweek
https://news.google.com/rss/articles/CBMingFBVV95cUxQWkY3b2hhN0RkQ09NemMwZTM2VHk5dlF4S0VzZTZaaTFHQ1AzTnFreVJFWTA5ZHlvZHR0U1NQUDQyUW1SemhLMGJucUxDX1AtUkpJUnRuWF9ycG5ORklrTW93ZmVjZHhlUFlWeVl1VlNFMEt0ajFqQkpkTlZFTTVpcnZKSFBnbHZ3SnJiOVp5ZlhNalpTVGtnbG9oalhVUQ?oc=5,"Mon, 27 Jul 2026 16:13:00 GMT",NEWSWEEK,Russia’s Navy Day Sees Ships Replaced With Giant Banner of Vessel - Newsweek,Russia’s Navy Day Sees Ships Replaced With Giant Banner of Vessel Newsweek
https://news.google.com/rss/articles/CBMinwFBVV95cUxQTEwwTTVaMTl3U0w1aWNzV1VQUlA5QXJZYldWYm41c1hMZnpLQk1SQjZMTmZ3QlFEVEw2Rk1neGtQTnBxcnpndlM2cENndHpYT1pMZGYyNkRDeWtoNFFMeHNYNnl2T051bjQ5Nzc0bkRlYmlZUU5KZjE2T2ZtbmtwOUhPc0ZJTUZ3NlptRHFtcU5LUHVWcVRMTGhLY2s1U2s?oc=5,"Tue, 28 Jul 2026 18:10:00 GMT",NEWSWEEK,Scientists expected one Alzheimer’s advantage in SuperAgers. They were wrong - Newsweek,Scientists expected one Alzheimer’s advantage in SuperAgers. They were wrong Newsweek
https://news.google.com/rss/articles/CBMirAFBVV95cUxOQ2M3RHQ5STBOM0NEVHc2RS12YTEyOHNYRVFwN1RMeUFNTDkwSmpfZkU1SHFEc1lEc3N5alk4RkJPV1I1dDFxdy1sTnQ1U0ZjYzVmR21LcGp3SmlSU2gtaFh4eHBvTjc5WFBFUUVfUDNDQ21SV0c3dUg0MlRFYWNIODBuQjhPbzFkcHRGdnJQeTRqM3lTVDVDMDB3cFBvWFdVS05jdHpTUWRVamJU?oc=5,"Wed, 29 Jul 2026 04:35:00 GMT",NEWSWEEK,"US, Saudis strike Iran-backed sites in Iraq as Netanyahu praises Trump meeting - Newsweek","US, Saudis strike Iran-backed sites in Iraq as Netanyahu praises Trump meeting Newsweek"
https://news.google.com/rss/articles/CBMioAFBVV95cUxQTVEzVjhOZm1fMnl5MGFnV1FORG96UHNCdzlJN1lsWi14cTR4NV9WQWoyLXlHTEdaQ0Z0S2NXUThIV05lajlKT25UczJ1Q1ZKTDlvWTNwek1EZUwwLVpLc3dEQ2xFWlpwLUZSWE5Hb1gtZ2Q2dmNGWXFKd0Y5NnMxTzdnSVIyS2o4d2stVnZkeEFSRm5VNC13bFlUMC12VTJy?oc=5,"Mon, 27 Jul 2026 09:15:00 GMT",NEWSWEEK,Hurricane Genevieve Spaghetti Models as Storm Strengthens to Category 5 - Newsweek,Hurricane Genevieve Spaghetti Models as Storm Strengthens to Category 5 Newsweek
https://news.google.com/rss/articles/CBMisgFBVV95cUxQY2EzZ1RacWZuNVZQSW0yQ0tvVkRGTm9OU0M2aTJSWDZsWVF6Rl9zMEstZ3A0R3FEVGIySTFvLXJNbmx1T0JhSktRM2psRGtqUzZSc2pUeFlGUFdtZTRqSlk4VTdFV0Nhck1YOHNFU003WTZsSmdVbndMS2ZsU2pJSmRQRzd2Q281V0dmS2tqMzZuQTRxUVY5SXRBZlVNZFZlQk1pSzk1WUlVdzUtMERzMW1n?oc=5,"Sat, 25 Jul 2026 07:21:00 GMT",NEWSWEEK,Trump Plans Exhibits Near Smithsonian To Correct ‘Inaccurate Information’ - Newsweek,Trump Plans Exhibits Near Smithsonian To Correct ‘Inaccurate Information’ Newsweek
https://news.google.com/rss/articles/CBMiqwFBVV95cUxOUXMwU25pZ3VsSUtwdUVWS0tiVUplZ0h0X21vYzRJYUx0X0czczBjNkRsTFpLTmFQVjgzWU9EbGs1WFZGN2IzV0pVZkNTeWtiVVpjbjBmSDNYMHFHdGFxd0dBLVNKMmEwdEliQnl2dktvbDJXUndGSElLZkdtRjRSb180Xy1TVTZvc1VmSENMX2dwNkVWV2ZCYXcwaXJTUDF1SE9jNlplSFRxbVE?oc=5,"Mon, 27 Jul 2026 17:33:00 GMT",NEWSWEEK,Bryan Kohberger to Retract Guilty Plea in Idaho Murders: What the Law Says - Newsweek,Bryan Kohberger to Retract Guilty Plea in Idaho Murders: What the Law Says Newsweek
https://news.google.com/rss/articles/CBMiekFVX3lxTE4ydkR4QXJkRXg0aTBiQ1J5WllYNDFtOWdzdjNUNmlOeVc5dkI1RF9lU3hfejRGQXVsM1pyTG00aHFzVEVUUW42bDlnTVJrYmV6ZTVlWnprUjBGbEtCdEdYejlOWDNzQzVsNmxhXzhrMGdMYWFwcVBLd0h3?oc=5,"Tue, 28 Jul 2026 10:00:00 GMT",NEWSWEEK,Why Wang Wang Should Worry Xi Jinping - Newsweek,Why Wang Wang Should Worry Xi Jinping Newsweek
https://news.google.com/rss/articles/CBMipAFBVV95cUxOMGtxWUF6bTRENEZmcVNuemhXSG9JVFlxZVI4QjhrQ05ZSzJpd1RPVkhXTUxmeU54TTg1bHpDMWRYeW9MNGJna0tnSE82WEMzSVAxQ08wVEItczA3VmQ1YlQteFplc3FXbUx3SlB0OHdKX0l5M09OUVJCem13Q2FZNEVTVE13YUQ2bUY3U0hlVXhJSUZrODE2d1lETHg0dHprelRqaw?oc=5,"Mon, 27 Jul 2026 10:57:00 GMT",NEWSWEEK,Ukraine Video Shows Drone Wipe Out Russian Triumf Launcher in Crimea - Newsweek,Ukraine Video Shows Drone Wipe Out Russian Triumf Launcher in Crimea Newsweek
https://news.google.com/rss/articles/CBMimgFBVV95cUxOYVYwT2I0WHZfMW5wQ3hZSjV3anJYdFlucERvM1BITFNOOHd1VlZ0TV92bXl6NVFFZjdVNFJoUGpIZW4wczlOUEFCUUR2UkhoSDN4V3Z5OFUyc0dfbnoxMnd4NkI5c2NlLU5EZ2pXLWlRYlNKS2pXanU4WlBwUm5MMzFPRndUTl9ZLWhmRnNYZmJwbzVLclRNU0dR?oc=5,"Tue, 28 Jul 2026 11:25:00 GMT",NEWSWEEK,Moscow Issues Threat After Romania Intercepts Series of Russian Drones - Newsweek,Moscow Issues Threat After Romania Intercepts Series of Russian Drones Newsweek
https://news.google.com/rss/articles/CBMiowFBVV95cUxQZlZDMzVYMkhXOThuQ212WHQxdnFmQVZuT0NuclpZT2VYRUpBWXlBNzc2NENoLVJxXzVDNXlzUzR3Zk1CNjNUcTA1Ymd2c2hnYkQ4SnFiQlFpbmR0Vk9ZbWE1U29NSUtITjEzMElheTF4dXVUZGpEdEM5THpBWHNmYjJJRWozQlNhSE9WRDhCZTJRWFdOUmV1U2pKLWVtcm1DWnRJ?oc=5,"Tue, 28 Jul 2026 16:03:00 GMT",NEWSWEEK,What is Freyja? Ukraine pushes Europe air defense against Russian missiles - Newsweek,What is Freyja? Ukraine pushes Europe air defense against Russian missiles Newsweek
https://news.google.com/rss/articles/CBMipwFBVV95cUxQenFNUnpfX1NxYy1fcmpURmFGcGxhdUdpV0w1bXhKcWFnc1FXLTE1QWRnbG55VlFVY284M1REWXVCSjNtMG9zeGxUc0hpOHhVY2V5MVZma2xCUC0zQzFIXzM0UmhGZnF1bnVTY01hX3RWeVltUC1KVVJMVnNFaUd6MU5qZTVMRGZOcUF3VmdfVVhDakJyQV9uRnFYMUlwaDJWQUlvbTBQaw?oc=5,"Mon, 27 Jul 2026 19:13:00 GMT",NEWSWEEK,Mom of Murdered Student Reacts to Bryan Kohberger’s Plan to Change Plea - Newsweek,Mom of Murdered Student Reacts to Bryan Kohberger’s Plan to Change Plea Newsweek
https://news.google.com/rss/articles/CBMijAFBVV95cUxNODhlOFUtVFVOallzckxpNmNJbnNPRHFraU55dzdXUFR3M2NFeTZQLXNtNUY3RFd1MTJNTmZxLU1SOEtQMmVlSGtkTmdnT2VBMGt4d0ltTy04aDJIOGpLWFdwVU9hRTFLN2IxNnZiVEFsbEEyaUZhdVBXemVzR091NnhyRm5BZWdZUV9CVg?oc=5,"Sun, 26 Jul 2026 13:05:00 GMT",NEWSWEEK,Shark Sightings Surge Across New York Beaches as Great White Heads North - Newsweek,Shark Sightings Surge Across New York Beaches as Great White Heads North Newsweek
https://news.google.com/rss/articles/CBMibkFVX3lxTE5RS0dScWxvOUVNTWhab2UtVVl3M2cwcVA1d0Vod1BEUDJCSi1sRHY2NWNULTF3ZlBkR1lwN09LWTlBLWMzT2lBaUpMQ0xOVnExR2ZRNEZ2S1p5MXNpd0l5V2ltdndZamxGN2NVMmx3?oc=5,"Sun, 26 Jul 2026 21:45:00 GMT",NEWSWEEK,Ukraine Hit an Iranian-Linked Vessel in the Caspian Sea—Why It Matters - Newsweek,Ukraine Hit an Iranian-Linked Vessel in the Caspian Sea—Why It Matters Newsweek
https://news.google.com/rss/articles/CBMingFBVV95cUxPVjhOcTgtMUY3Qlg0OU5OYW96eXNvcnQzVXlnbGdWRHlhRXpUR1liLS1rUlEwc3dVNDM2UXZhYkFGRXptRExPUUhpeFFWM0ZYcVNrTS1OemxOeFFsdnp0TGFpTjg0eHg4cW1lNGRySGZTbWNWYXg3LTBwNzc2U09yZXZ5YldPSVZjc1JsUjNReC15WHdJOFVJRk9tbllHdw?oc=5,"Tue, 28 Jul 2026 19:24:00 GMT",NEWSWEEK,Medicare Update: New Estimate of How Much Premiums Will Increase - Newsweek,Medicare Update: New Estimate of How Much Premiums Will Increase Newsweek
https://news.google.com/rss/articles/CBMilgFBVV95cUxNSGZrd3dkZkVMZ19PZnVpXzczYV9zWkFRT2w2X1M1c1R6eTJrU3M4c1IwZkxoVGhvc0o1N0VoLXhTNkRTODRzQnYtbWM1U3BPMUgxWkNMbUY4dDhHblFEbFJoVmZLYkhiWXdxVU1aUVBHUVNSTFQxR3h6T2o3bmE1RWpDVDYtRUJjeXFEWEJDRHlmZl9kMXc?oc=5,"Tue, 28 Jul 2026 09:37:00 GMT",NEWSWEEK,One overlooked sign of aging may reveal dementia risk years earlier - Newsweek,One overlooked sign of aging may reveal dementia risk years earlier Newsweek
https://news.google.com/rss/articles/CBMiiAFBVV95cUxNLS1fc1Y4NWQ5aEJXSUlJV2Q1RVJBMk92aFVVMm1LRkl0aFdlSWhjV0E3MnBBMG9raVIxVk1aVXBaemIyVjdaTGV5SVN6cnYzODBLRWdvTDRVZ21GcEtNNk5xaGszTnBLbXM5bURobGNCOWgxaUZrdXhLWTFFWGFvUVh6TXlGTWQx?oc=5,"Mon, 27 Jul 2026 16:05:00 GMT",NEWSWEEK,New Mitch McConnell photo released as doctor provides health update - Newsweek,New Mitch McConnell photo released as doctor provides health update Newsweek
https://news.google.com/rss/articles/CBMijwFBVV95cUxQaDJZcC1GUEhDM3M0RXYxaXZycVlVeXhGU0VVb0VuWUg5c0xrX0d5MURuT3Zfb0pxNENXZXZtVS1FVnRTYVV5ZDA4ZTVCZDIxeVp3YkIxQkZVS3owblQ4T05fN2JHU2hUOUt1OVNuRjRRbkhUcDVPNGtKdVhYN0x6RHBiWGw4bEU5eWRSNWlqQQ?oc=5,"Wed, 22 Jul 2026 15:08:00 GMT",NEWSWEEK,FDA Identifies Additional Cyclospora Outbreak - Newsweek,FDA Identifies Additional Cyclospora Outbreak Newsweek
https://news.google.com/rss/articles/CBMioAFBVV95cUxPWnhGR2w4RFpUaEt2VU9FcWpiY29PaVRGMEpqU3RmQzR5WkpBdGFYbE5zOXhOOFBrSHAxZzZCMV80OHpNVElrMFR4WGdtcGZkM1pPalR2ZVRkTWduVFVQZlhfSE95WE83Unc2UDJrczZLUjFueHhnSURDX2xMRWg3N1o4UE9abGVST1NJMl8yVXVxRXp6MkFJRlFZMWFwODNh?oc=5,"Sat, 25 Jul 2026 08:00:00 GMT",NEWSWEEK,Ebola Thrives in DR Congo’s Chaos. The World May Soon Pay the Price - Newsweek,Ebola Thrives in DR Congo’s Chaos. The World May Soon Pay the Price Newsweek
https://news.google.com/rss/articles/CBMijgFBVV95cUxOb1FzeGU4b0YtcDBYYng1SVR3czEyRTJCeTlvLTdUR0prdjJEVng2bTc0ZXYxcUFJZlhKXzFCbHhkSkpRRUdmSFFRamNiXzQ0MHZwZjQ4UVBMMTZGYlhJOHhwd2ZCYnRZSmNVSlNadnJuMVZvdnRkLWxXX2c4bTI2eDV0dWswY1h1eVZoSU9R?oc=5,"Tue, 28 Jul 2026 10:52:00 GMT",NEWSWEEK,Map Shows Cyclospora Hotspots as Number of Lawsuits Grows - Newsweek,Map Shows Cyclospora Hotspots as Number of Lawsuits Grows Newsweek
https://news.google.com/rss/articles/CBMie0FVX3lxTE1uVkdFSm44aUg0T0FNZS1rLWRGbVFjYVNDUl9meTN1WVZreFNJanFKcEVGWGFUZ1FnTF84TTNLZEpYeVJldlZ1U19yVDd1TU1pTG9IeXV2R3ZmRmU1Rk1tVEFSa0MxWUNzU1J1VUR5OVREbTh1bU1NV1VBQQ?oc=5,"Wed, 29 Jul 2026 13:40:00 GMT",NEWSWEEK,Trump Scraps Medicare Part D Subsidy: What It Means for Seniors - Newsweek,Trump Scraps Medicare Part D Subsidy: What It Means for Seniors Newsweek
https://news.google.com/rss/articles/CBMimwFBVV95cUxOREREbnk3bjY1UE9TQTJ5UUhoc1NkYVJ1UUNYNzdqcFhBTjFqb1dLQXpiZi1ieVRBMXVlbmpkQ1BWb2VyZ0dBdjlxRDl0MVRiMzZFWGkzVndCTFJUSEJZTWhGZmxvOWlDYzNfem5jN0xmbVhBdUtaaGVaTU83c3RRZTJNcHdvdVVEOUNzU1VCWk05Qm5Fc0FVN0lWcw?oc=5,"Sat, 25 Jul 2026 14:11:00 GMT",NEWSWEEK,Map Shows Measles Cases Across US as Figure Hits 35-Year High - Newsweek,Map Shows Measles Cases Across US as Figure Hits 35-Year High Newsweek
https://news.google.com/rss/articles/CBMisgFBVV95cUxOZWpZc01MSWxZVUNmaFdrZEl6TVRMNktGVE56WHFYSzd2NXlVU3dSVXFwY2Q3Z3BLc3lDcGwwdVZHT1VnbzE2bXdfYmxTR1FlMnFuWDJQT0pHTE80NmhhTlRRNkIwSTczQ1VMQzBiZHJScG1xSTkxYjk0a0VoLXZ6M1hpTTJDc01GUEdacUhTaVhaQjlDcnVQcW16OUh5SzRGaEV2djJrNTZidjg4cHJOTFpn?oc=5,"Wed, 29 Jul 2026 12:59:00 GMT",NEWSWEEK,A global food poisoning bug is getting worse. Scientists just found the culprit - Newsweek,A global food poisoning bug is getting worse. Scientists just found the culprit Newsweek
https://news.google.com/rss/articles/CBMipwFBVV95cUxNaEs2bnh4N3JHQ210YlFQMU9Tc2ZCZENRSGowMThIbVRoQ1lEX1duUHN5dnpSVEhFOHk5X0YxOFNybkRaSTYwZ3FKbzVoSUE1Ty1UNlhROXpxaXhCbUptcF95dElUYnlqYzE5WWFfcmk0cGJtbE1Tank0dVRMeVItVjVySkM4UmhjUEZ5Ymw1M0l2a0R2U2RkQVFGMFFZbnFmTlFvOC1MTQ?oc=5,"Wed, 29 Jul 2026 10:23:00 GMT",NEWSWEEK,"One Group of Americans May Face Different Alzheimer’s Risks, Study Finds - Newsweek","One Group of Americans May Face Different Alzheimer’s Risks, Study Finds Newsweek"
https://news.google.com/rss/articles/CBMinAFBVV95cUxQbG80Tm1EREJOVnREaUQyelZjRkJDY3lwcEYzWXF0VTJMQTdVYzhDM1llb0JsRmJLVHJIZzlfS0RvMXl1VmYtVFZuWEdGUnFUTWs4Z0x0Tkd6VGlfd3BlbFlPdEl0OHIwc3Q5RkFVWnlrOVVvSmVUS2k5dkMtN2FFYUl3TzRybFRaWnBtQk5keGJZRlZGRzlieXg5cHM?oc=5,"Fri, 24 Jul 2026 14:26:00 GMT",NEWSWEEK,"Common Worry Linked to Brain Decline in Later Life, Study Finds - Newsweek","Common Worry Linked to Brain Decline in Later Life, Study Finds Newsweek"
https://news.google.com/rss/articles/CBMiaEFVX3lxTFBXTWVibEgtWWJiNTR3Q2VreVcwSXdpT2hUSWVFbWllVVlfaGNKS3Nab3pfOGMtRHBjR1hYUFhodFdybmJiLVJrU2RUR1VNQk1UMVZlc1lKa1NUclVheFF2MVVzOWdiVUpx?oc=5,"Sun, 26 Jul 2026 15:54:00 GMT",NEWSWEEK,Tom Homan Says ICE Vetting May Have Failed in Deadly Maine Shooting - Newsweek,Tom Homan Says ICE Vetting May Have Failed in Deadly Maine Shooting Newsweek
https://news.google.com/rss/articles/CBMiqwFBVV95cUxPYUc4d3NybG5sSnpNN19FcGpzR0ZWcFJFd1RQb3lJcUhvWG9FNDNOSThnWi11Sjl1eUNMTXZsamE5TFVGLXpmUElCbXlVSmxObGpXc0tIZnpDaUwxSEtDMmpKS1N0ZVhQNkJwMThGVHpsc1NfWVU1SUxELXAwN0R4dk5WMkVQczEzQXo3WHJFUGJidmR5SnBab2pfOFNJSkxXUTZmRjBadWhxU2M?oc=5,"Mon, 27 Jul 2026 15:14:00 GMT",NEWSWEEK,Woman Noticed ‘Rotten’ Smell in Inherited Home–Then She Checked Crawl Space - Newsweek,Woman Noticed ‘Rotten’ Smell in Inherited Home–Then She Checked Crawl Space Newsweek
https://news.google.com/rss/articles/CBMimgFBVV95cUxQdlI1QVFLSGpWSG1PcnJINmtLNll4VFBzbDNGSHRsajhyU25QS2ZFM3UwVFFXaXpsaC1lRWM2X0tBMEJYTzFwelpRLUJNVHdsQ1N5QXVLamo1MEtrRGZpQnVnRzVOaGZDUlRhMmFhQXp4V2VaTmtkUGRSNWk3NzZnR3lGcUFqbll6UEFxaVAzQlRaS2l1ajBleEpR?oc=5,"Tue, 28 Jul 2026 10:15:00 GMT",NEWSWEEK,White Phosphorous Leak At US Military Base Sparks Evacuation - Newsweek,White Phosphorous Leak At US Military Base Sparks Evacuation Newsweek
https://news.google.com/rss/articles/CBMilgFBVV95cUxNa3Jxd0JVRGgyd0VuUllkX0QtenY4ZlhCODdqaHp3NEVJTy0xYlM3SVhPNWhzWVVObzB1VGpYQU83TEhWRU5MSEVCeHFhV2cyMmpCTTV6SkZBemp1NDNYVWVZSkx4YjA0TklDUno5RVpOcnBBRFFLS1dDM09sUlVwWTBDM2lKaTlqTHUwZ2tyY2dldHJ3LXc?oc=5,"Mon, 27 Jul 2026 08:24:00 GMT",NEWSWEEK,Elizabeth Waddell: Search for American Last Seen on Beach in Grenada - Newsweek,Elizabeth Waddell: Search for American Last Seen on Beach in Grenada Newsweek
https://news.google.com/rss/articles/CBMihwFBVV95cUxQY3VOS2NJajd4bTRSWW1rSkxtM2JXM1dzMGQ5OS1rMzNaWm5faDE3MGwxOEpvQlYtZ0x0ZGhqWDJ1N0pGOFpvSEVCNExwMEJmWjd2bnVfaXhqUXdVcVpSTjlVSkdMMDBqaS0wMDRnay1GZ0FjZ1NBY2hIaTZXVnVieldQdkk3OTg?oc=5,"Mon, 27 Jul 2026 16:58:00 GMT",NEWSWEEK,How a California Man Survived Nearly a Month Lost at Sea - Newsweek,How a California Man Survived Nearly a Month Lost at Sea Newsweek
https://news.google.com/rss/articles/CBMilAFBVV95cUxPZ2x4RXJ1LTlySVJxeDNlV2JCYl9RSzZ2OW41UklUZVVxUUszTmxhemF4dWhQRnNHemRxbFA5cDBWMTJtS01jUFdkWDBXWkFEb1dDaW1LcXRRTVZfUE83OXNsbVBvNVBKRW1ob25ldEVLTEVzNDEzUE1uY1hzU3NSWVdhOWJSdUtLQ1ZJN0VNUXYxZF9S?oc=5,"Fri, 24 Jul 2026 10:30:00 GMT",NEWSWEEK,I quit social media for a year. The experiment revealed some disturbing habits - Newsweek,I quit social media for a year. The experiment revealed some disturbing habits Newsweek
https://news.google.com/rss/articles/CBMikAFBVV95cUxOcGMyckJheUpBZGNEOVhmNGdJX3JJclJSN0VrYlJKRXQxT2JqZ2JncHUtMTlWSVBkd0REalRJbVVqNFBrV01ZV19wVklHSzRjYTVBMHdVR0ZaeGZzVEkyeEdocTRFdVJIMnpXOVU3M24ySGVVeUNhNzFOeEY2OVVqTVBiSXRZVFh6dEN3Z0Y0VEg?oc=5,"Sun, 26 Jul 2026 15:39:00 GMT",NEWSWEEK,Why Iran’s Kheibar Shekan Missile Is Drawing Attention - Newsweek,Why Iran’s Kheibar Shekan Missile Is Drawing Attention Newsweek
https://news.google.com/rss/articles/CBMif0FVX3lxTFAxemEyTlMwZHh2RlFCRHd1ZVNiUWtxQldDTXNjR09YVDBjd2F4WWJKbFdSQWhqTTlNd2tYN3M2bjdYWVY4dUxOa1otSlhEX2FwRmRFckFuOTh4MGl6Yy14OGJRVzZYNWdjaFJ3eS1sV05iX3ZYWVM0a09Xa0JBNlU?oc=5,"Sun, 26 Jul 2026 20:24:00 GMT",NEWSWEEK,"Trump posts ""Strike on Kharg"" image, reviving focus on Iran oil hub - Newsweek","Trump posts ""Strike on Kharg"" image, reviving focus on Iran oil hub Newsweek"
https://news.google.com/rss/articles/CBMiiAFBVV95cUxQQ3UydkpUa0I3NG01MFNlS0pPSW93bW13MWV2aTVXbDZWYU14Tmh5NzZZbm1PNk9LWi0zQ0U5YTBCTGZ2YkNaeTNrb0NBOHFKeDhTVC1nTXZWelpEZmwzd0NOR3NBeWdLbGFJYjd5d1VUalMxVE9wQkF0Y0ZxdnViaW1nT1FPMzZ6?oc=5,"Sun, 26 Jul 2026 09:28:00 GMT",NEWSWEEK,NATO Ally Scrambles F-16 After Drone Incursion - Newsweek,NATO Ally Scrambles F-16 After Drone Incursion Newsweek
https://news.google.com/rss/articles/CBMipwFBVV95cUxNN0Y5bUQzcUtSU1pBak9FUmgzUTF2ZDg0SUJOZWZYNFhrYk9XQ0ZUUWxDTktKRnlqcHQ4bm9EUTVOVGxkN3VJUjNBOE5hSHJsVU1KZ2gyQ2xpazhid1daQlZUMDN4dWVJY2hCV2tSSHg0a1RNOUo4MnB2QUg3bmJ0d1ltcFF5dGtKZl9KMEJEeTk3X3BiZ0VLTThWOW9rYk4tcU1YMlFFVQ?oc=5,"Mon, 27 Jul 2026 15:46:00 GMT",NEWSWEEK,"Man Appears to Kick Sea Lion in California: Potential Charges, Penalties - Newsweek","Man Appears to Kick Sea Lion in California: Potential Charges, Penalties Newsweek"
https://news.google.com/rss/articles/CBMiowFBVV95cUxORUgtV3liMnJMZFJHekZSS3ZmZXlheEdlS3pMc0VMOWxMekhFd1VGU1d3NWkyQ2FaSDdCbkJ6alB3cWxYdDZWZ2JPN0lpZlNvQ0RYeWhfdHlTb2ozOS1oWHN1Qll0TDVGN2hUZDRsYmRsT0JCSExCQnhWeFJrYnh5NERjQTVsWnRZMnhVejQwZTNpUnRQcnJuT2hyYjI0RWlvZlN3?oc=5,"Sun, 26 Jul 2026 07:56:00 GMT",NEWSWEEK,Who Was Abdul Ballout? Berlin Pride Attack Suspect Killed by Police - Newsweek,Who Was Abdul Ballout? Berlin Pride Attack Suspect Killed by Police Newsweek
https://news.google.com/rss/articles/CBMigwFBVV95cUxPeVZwaW5RNlJ2U1BuZ3g2SlhkVkIwU0JZTU1EemtDSENGdEtEck1LNVpwVU10aGo2c0hKNV9ONFJRazJiYkpDd2Z1VUY3RTI1cGRycW1HaXZaVkVnUUllWkNxcHFpcUt4aVoyR1d5ZkdCQ2M1TTBZUmhUQTZzVV9FRkdDNA?oc=5,"Sun, 26 Jul 2026 16:13:00 GMT",NEWSWEEK,Global Air Travel Had Busiest Day on Record Despite Recent Headwinds - Newsweek,Global Air Travel Had Busiest Day on Record Despite Recent Headwinds Newsweek
https://news.google.com/rss/articles/CBMiowFBVV95cUxPQVloWEJfMGlReVBWWEJ5Y3ktbTNTQmZFRC0teGFDQm1WaWIya191aDUxTzcxWEptY0RxWDQ4ZnBCMS12QjlkeXlybnRmbnc4V0sxRnJTU05HRjFiWjdFQ1hnS21XNVFVMDVTdkpnVHN4d2NFdmpNUU1walFoMzlUR1ZQSVgtSk9jMWlWdXFpc18yWTlHYmVhSW1iQzhnWWs1Ym9F?oc=5,"Mon, 27 Jul 2026 16:56:00 GMT",NEWSWEEK,How Permanent Daylight Saving Time Could Affect Religious Americans - Newsweek,How Permanent Daylight Saving Time Could Affect Religious Americans Newsweek
https://news.google.com/rss/articles/CBMickFVX3lxTE1QNVlCM09wNDZySGtKN0tpQmNsSlN2SmdXU1lIb0pveElFYWVSNmNrNnVVMjJRWTd6UTM4MTJZZHBfeGdWSlhIZDJnTC1QZXVJUGFreVBDeG1Id3NDR242cElqanhIdTdSTEJxOGQ2ajdrUQ?oc=5,"Mon, 20 Jul 2026 07:00:00 GMT",NEWSWEEK,How Bernie Sanders Finally Won - Newsweek,How Bernie Sanders Finally Won Newsweek
https://news.google.com/rss/articles/CBMipgFBVV95cUxQeWdCN0MtMk85OTlmNWE2RkUzTnJSS0F6YXJwTHUzbmt3SFJodVhXc2F1RWh5Y2wtcUxGbnNEaG14ZGxIcXhRVWQ4T2xLTWtRN002bkhMY081eUxBZjR3Y0ppU2g4aHZFRjktQmgwb0p4OV82eFhoWDF0WTI1TWtXd2dpZDhDSGFLOTF3am1iRDVTM3kwbDNmbFdJX0ctSTRiM0NqOGNn?oc=5,"Fri, 24 Jul 2026 12:04:00 GMT",NEWSWEEK,"Locals at School Board Meeting Boo Video of Trump, Walk Out Over Visit - Newsweek","Locals at School Board Meeting Boo Video of Trump, Walk Out Over Visit Newsweek"
https://news.google.com/rss/articles/CBMigwFBVV95cUxOV25mUUFqT0RnMmdacmhNUVg4eTZCYVJrSE9ZTlcxUGMyYTV2bTdMN0N0TlAzX1UwQi1jUFJGZHpmaVRqUjVYcGM0VzJSMHVVWDBPRHBNY2RaSXJWYWRPY3N0Y2FxcDdDNkQxU2V2V2k0NDZJUGRFWHJvMWV6LWJsZkR1WQ?oc=5,"Tue, 28 Jul 2026 15:40:00 GMT",NEWSWEEK,Ken Paxton suffers major blow in latest Texas Senate poll - Newsweek,Ken Paxton suffers major blow in latest Texas Senate poll Newsweek
https://news.google.com/rss/articles/CBMilAFBVV95cUxNbEdGcHd0Z2pfR3hzODZMX09OSi1oTVR2a1NPcFh0OGtRWi1JMUF1VzRjM1pNeGRNeUpHano0bTRqUU5VQ0swN01saWdaQWt1dW1zU1R1OVdaQkFGM2RzbTc0eFliLW9CN1A5TmhRRzJtN2cyNXdCbkVYWDBUako1OGQ1MGpINWdkQ2ttNjBQM2F4cjEx?oc=5,"Thu, 23 Jul 2026 10:50:00 GMT",NEWSWEEK,Map Shows How Many Children Have Lost SNAP Benefits Under New Rules - Newsweek,Map Shows How Many Children Have Lost SNAP Benefits Under New Rules Newsweek
https://news.google.com/rss/articles/CBMiigFBVV95cUxPaTBnLUhBVHo2cmFUdGJJc2pDM3ZKM1FrVTU1R2dmOF9hcEVESHRHNnNDN2VjeHIxOG5ZNU9OeDBKN2piV0I0YmdHRGFpVkpla0FveEVWLV9HaTFKV2VnUk1GOFBOMVJCOXNzV2VlUzBNTGhFN08tcTFwMFY4NXBJMWJ2eTZmYmZsUUE?oc=5,"Tue, 28 Jul 2026 13:43:00 GMT",NEWSWEEK,Max Miller Faces Domestic Violence Claims—Could Democrats Flip His Seat? - Newsweek,Max Miller Faces Domestic Violence Claims—Could Democrats Flip His Seat? Newsweek
https://news.google.com/rss/articles/CBMidEFVX3lxTFBlaGZ0NHZkNlpGX01mTDZHQlRDcE5TVWVKZ2JTbUppT0dMU25KaXNhU2hURlBJeldxOUg4U21wbVA5MGtOaHZ3a3VNOURaWEhGbm1NXzhaS0hFNFdJTnNOajh6MVEwWEhzNzZfczV3R1I5RktG?oc=5,"Sun, 26 Jul 2026 18:39:00 GMT",NEWSWEEK,Trump Ally Questions Saudi Nuclear Deal Amid Iran War - Newsweek,Trump Ally Questions Saudi Nuclear Deal Amid Iran War Newsweek
https://news.google.com/rss/articles/CBMipgFBVV95cUxORzE3cFltZ2tDZ3Z5UTFGTlJMcUdhRWJlWmpvY29RVWUyanFTbUU4OGZEN2pNUjl0TzdmNjBQczNLb0VWVTFxWkVycThpNXdwbTlyOTZLdGZFaGdRX3E0azZBUnBlNmJ0MDBrajBvcUQtbWstZW9mRklaZWFTclg1dWVUZjF5bDdwUUp2Um12c0VTOFZfTjd2bmplMnozMjd4VlgwYVFR?oc=5,"Tue, 28 Jul 2026 18:50:00 GMT",NEWSWEEK,Supreme Court Approval Rating Sees Major Change With Republicans—Poll - Newsweek,Supreme Court Approval Rating Sees Major Change With Republicans—Poll Newsweek
https://news.google.com/rss/articles/CBMinAFBVV95cUxPdzlXVzU0Zm92bUhZcXVXaXktVlhfczhwZXI3ODlKMGZ5UEZhQzQxU2EzLTh2VzFULU9HNjNkZHVaUlVHV1o2Q00tR0dJeUFYVnJGamRJVGgwbmdQRUw2a3RXTlhvNDV1bmNYdXNNZmZsSXlQQTlNMDJjZjdxZjVhbjlwdXBlRHlpdHlRZ0wxajlpUkFwNzBUdGRUbTY?oc=5,"Sun, 26 Jul 2026 14:40:00 GMT",NEWSWEEK,UNESCO announces changes to World Heritage List for 2026 - Newsweek,UNESCO announces changes to World Heritage List for 2026 Newsweek
https://news.google.com/rss/articles/CBMimwFBVV95cUxPQk1WOU1ZckdrejFLZlcwSFc5UUM1SU5qM2pEYWhPQXRFRE8wNlV1enljVWhZOVN4SVZPR2ZVZEdJazc0WkRJTGJCaGJYanNSQVg0T2VtdWJkYzFEYkVJOGE2V1dsRHB0SjdEZ3NybllDS2FjT0MzWkhNbktZMVUwZXUtWl9WYzhTTEpPUnBOU3NWbmo0VGU0djdjOA?oc=5,"Fri, 24 Jul 2026 11:08:00 GMT",NEWSWEEK,"Russia, Stretched by Ukraine, Pulls All Warships From Mediterranean Sea - Newsweek","Russia, Stretched by Ukraine, Pulls All Warships From Mediterranean Sea Newsweek"
https://news.google.com/rss/articles/CBMikgFBVV95cUxPSHFUZUhQS2ZSWmlTMThrOFVoRW9WdHIxcFhhMV9PNnpQQW9STkFRUU5rb056alA0RVVYYUFpOGk5aXlXSkxiOE9jMzd2VXBNVkxTeXNzRkZQcEx4V25vTm9ZZXQ5N1A5UzZUbThWdU1NWnFLMFNuR0JqTWdPcVFZcW9iMGFrOHV0dl84RlZkUHFXZw?oc=5,"Thu, 23 Jul 2026 22:11:00 GMT",NEWSWEEK,Trump’s Base Is Turning Against Him on the Economy: Poll - Newsweek,Trump’s Base Is Turning Against Him on the Economy: Poll Newsweek
https://news.google.com/rss/articles/CBMirAFBVV95cUxQeS1qY1R1MUNxVFhUNXl6ZlBCNF9MTVBkQkhueW0wSFBEcHlHbllzeHdlOHVybTJGeDF0V1A2NW9hMko3alhod1NKQ3VDTjRMQWZETFJuRlNGR2I0WGVMaXU5eDJWSXU3T0FJNDFJUFNFZjhiaHZHaEdaU1c5MThfM1lieGV2R1UyLVRuRklvVUFVdHl0TW5KeXRtSGF4eW9MdF9wellvUWR5RXUy?oc=5,"Fri, 24 Jul 2026 17:30:00 GMT",NEWSWEEK,Map Shows National Monuments Trump Could Target Next After Bears Ears Cuts - Newsweek,Map Shows National Monuments Trump Could Target Next After Bears Ears Cuts Newsweek
https://news.google.com/rss/articles/CBMihAFBVV95cUxPdDVQWHVxTWJOQnBzcEZlWHBHNmlZWXBHTFVpS2xuaGdrYy1GaV9LOVhDX0xtWm1MRmUtUUZZWkp4TGMzYlBjUW1tZ1NhV2h5aWt1ODBCYlVIVHpuQkY3WDdyaHlmQXNGQ1E3ZTFRM2U2UGNUeUw0cTh3SGJLTURneGxseEg?oc=5,"Tue, 21 Jul 2026 15:15:00 GMT",NEWSWEEK,"Donald Trump's approval rating ""worst this century"": Harry Enten - Newsweek","Donald Trump's approval rating ""worst this century"": Harry Enten Newsweek"
https://news.google.com/rss/articles/CBMiiwFBVV95cUxNNVl5VGlHOWMxNGxwRkJmTXJDblJWcklEQzVmeTRvSDZJdERwci0wbDZWdWJYZThSUUg4T0M0WXRGYnU0UERCZVNsTHdvMEtJdm1RM29LcjQwanl1My1tTXFScUhIY0pWMW5WMzd2MTV4aGJ5ODF2YU5uYUNwenNHbHNDRmFfd3VtY2xV?oc=5,"Thu, 23 Jul 2026 21:48:00 GMT",NEWSWEEK,Full list: See which countries are affected as global allies hit out - Newsweek,Full list: See which countries are affected as global allies hit out Newsweek
https://news.google.com/rss/articles/CBMioAFBVV95cUxQamJkRDcxNUF0X0x1SThkcjZ6b3VSb3Z2bnYyVUlEMVh4TEtidWdINTJQc0FFS2RnSmk2UGlidjkydzVSNHRjNlJDNjVPMWtMYkhCc013MUZsb21VbkdtZzZqeDNTdi13ZGlaQmQ4OFFmOS0xV2VRcmJ6NDZRREh4dnc5TmZGTE9Ca1V0MjBNeG1JQzY1eTVtR3k2MGFZTk80?oc=5,"Wed, 22 Jul 2026 08:09:00 GMT",NEWSWEEK,Map Shows Where Canadian Wildfire Smoke To Smother US Into August - Newsweek,Map Shows Where Canadian Wildfire Smoke To Smother US Into August Newsweek
https://news.google.com/rss/articles/CBMiigFBVV95cUxQMHNIVUhYSHI0c1hsdFowWlNjdHdWRlh2bWpQS2hWYUN4RUE3SExqNmptV0NLZlRTTEdmREhHY2hTVUwtQVVyeklUcGRiMXhiX2tkY3kzZUtSS2xOTjUydWUwUTR2dkhOelJKMkFHVTVPWFVVLUJDTkpMdnV2aEpvb2NNZkJjX3NaYVE?oc=5,"Fri, 24 Jul 2026 16:03:00 GMT",NEWSWEEK,How US Passport Power Has Declined Over 20 years - Newsweek,How US Passport Power Has Declined Over 20 years Newsweek
https://news.google.com/rss/articles/CBMie0FVX3lxTFBSYjhzQkdTVHJUNkRrMkRLQlB6bW1pS0VJbmJaWGVFZnZ3RmF0NnI0Ym1FSWxKa0gwMWRhTlJRanJmN0lBUEVueVlFQUJjZWpzSGFETUdKUFBBRVR1RW5qaE05al9RRFNFYUc0S0ZBM0ZCb2xscG1VTXFadw?oc=5,"Thu, 23 Jul 2026 20:58:00 GMT",NEWSWEEK,Are Americans Giving Up on Retirement? - Newsweek,Are Americans Giving Up on Retirement? Newsweek
https://news.google.com/rss/articles/CBMimwFBVV95cUxPWUQtS1hOcjVtWG1rak5uZ1Vjb0puczVIZVJGY0NEeExPV3Z2SDlvNU5YOGRhVmJBMEhJYVFlZThrcVE3WmNCV0ZmY1BvRkNXNGplNWU4X3AyeW5DNkI1UEN3MGVicFRrc3VuQ0NvdEZwcEZmaUpUdXFJQVdxa0ZZNDRPZ3pVYV9EMHZJaVlwR1FBYzZMeGlKTHo2TQ?oc=5,"Wed, 22 Jul 2026 15:25:00 GMT",NEWSWEEK,8 Ways Trump’s Oval Office Has Changed Since Obama’s Presidency - Newsweek,8 Ways Trump’s Oval Office Has Changed Since Obama’s Presidency Newsweek
https://news.google.com/rss/articles/CBMilwFBVV95cUxNN2RuVGQ1bU9iekZjVm9fQ08yWE94LU1CWnJUUFcwSWxkRmR4bWJXYl9DUkpjS3pwSElqUkw4amI1WVF6WWxSZHJ3WGZ3LVl0VWRtQmlpX2U5RXVwNDVRbE5GTEJ2VXpkS1ZqZGxyVURUcU84d2xGQmx6a0tmNWlRUDk4NkVzdnR3NGY0Zjl6a3dGczZ1NDhV?oc=5,"Wed, 22 Jul 2026 14:58:00 GMT",NEWSWEEK,Trump’s Manufacturing Boom Claim Collides With Federal Jobs Data - Newsweek,Trump’s Manufacturing Boom Claim Collides With Federal Jobs Data Newsweek
https://news.google.com/rss/articles/CBMiqAFBVV95cUxOQzdvVnBJN0M4MVdOV1piczgzTVY4S3J4QVZHcnJWaUdsTzJ5STJpRUZEZzVsSXRTcEZyUmZTNUdCaVhCVW5uNlZ1MmdCLUtGODE1Mkp6M1J0S3pkRk9tSzkyeXRJdmk5ZE5JMjBsc0wwZHQ2UTRXRmhEUW5xZWNCQlhCaUpOQ1Flal9qT0ZSZ2diOWRwRDdlSTNRUFJTRWZORzkzVktObV8?oc=5,"Thu, 23 Jul 2026 02:15:00 GMT",NEWSWEEK,Democrats Lead Republicans on Economy in New 20-Year High: Fox News Poll - Newsweek,Democrats Lead Republicans on Economy in New 20-Year High: Fox News Poll Newsweek
https://news.google.com/rss/articles/CBMijwFBVV95cUxOWWpJaXN2Q1RVTHNCSktaOWxJWVQwYmxpQVluT2lQdDdSbU9SSFBSLW83RUJIdUN0blZvLTVTZ2VET0dLTmJUdmpPMXFOVlBJa0tlTmxZZV90WnlzQTdDd1kwUzBuTm1mbHEyd2x3MVJLd3JveFlxY3hsV19YOERrMFpfS0NacXZJeVNsUEVrRQ?oc=5,"Thu, 02 Jan 2025 15:24:32 GMT",NEWSWEEK,Djibouti: A Logistics and Infrastructure Hub for Africa - d.newsweek.com,Djibouti: A Logistics and Infrastructure Hub for Africa d.newsweek.com
https://news.google.com/rss/articles/CBMif0FVX3lxTE5ORUZ4UTlCRG91VEdmcG93U0xpOWxoanZOeHBjeXRqS19iSV96UF9rZDhGN0NwLUFlVzFSdmx2X1JSOGYtRkZEc05zQmpjUjRaX2FYZzlpQWVhcHBKS2RwTTR3dW1IX0k3Wnh2RHAzUTdtWXF0SnkxYmZNdEtaOVE?oc=5,"Fri, 26 Dec 2025 15:54:25 GMT",NEWSWEEK,U.S. Virgin Islands: Shaping the Future - d.newsweek.com,U.S. Virgin Islands: Shaping the Future d.newsweek.com
https://news.google.com/rss/articles/CBMicEFVX3lxTFB5d0FQU0ZnRXQ5ZDdwV2JweUlJODlJcTN0OEtFNzBtOU1neW1Nb0VncUJjSUpvSEZDRDFUM3piZmQ1SGUtMEZHOHcyZ1dIRW92cmZqaTNjSmM2MDRTTE5oQzFrME5IV2R3VEtaNDN6c28?oc=5,"Fri, 01 Jul 2022 17:40:21 GMT",NEWSWEEK,Masoutis - d.newsweek.com,Masoutis d.newsweek.com
https://news.google.com/rss/articles/CBMieEFVX3lxTE55b2d4S3BPUUN1UGNjRHBiTDFsREpwZjBoZFJVNEJVYllHUHQ2UG9ZTENuS1JzeGp0MGtHNUtUd21fSFNHSEk1bkUtNHFkemxudFQ5OFlqRE4zT24wbTdDNjJGMEdfMU01MGpSa3ZtbDhXRmhHdmpwTQ?oc=5,"Mon, 13 Feb 2023 10:17:21 GMT",NEWSWEEK,Darwish Bin Ahmed Group - d.newsweek.com,Darwish Bin Ahmed Group d.newsweek.com
https://news.google.com/rss/articles/CBMiakFVX3lxTE1UY3ZSdUctcWNMTThsNk9WMUFTcUNrRExqc0VHRVM4TjB6aXVzV3lEc1hEenZTdTJSb0ZQOU8yVDRzanp2OXhNTVJMWFB0RjkwdDRLakZzbll2Z2FYTGc2SU9hODRHU19vbnc?oc=5,"Mon, 21 Feb 2022 22:33:31 GMT",NEWSWEEK,Italy- A new era of economic sustainability - d.newsweek.com,Italy- A new era of economic sustainability d.newsweek.com
https://news.google.com/rss/articles/CBMigwFBVV95cUxOdkwwWlVOOGNSeXVhZFR6eFNzTDZyV3ExcVdMdDN1cDUzakZ2T1IzNG9LZWpvbUF6UDZLRFN5cUFKV3BvbkN0SzJMY0NoUjB4OGF5QTF0YVQxTzJtSXk5VDdHZ2VNSVcxaGlBMU1ocl9KSmJYNjJfS0swb21BNDZBZjBPYw?oc=5,"Sat, 17 Sep 2022 16:30:32 GMT",NEWSWEEK,Indonesia- A new path to the future - d.newsweek.com,Indonesia- A new path to the future d.newsweek.com
https://news.google.com/rss/articles/CBMibEFVX3lxTE1MZ2ZFLWx5Y2o3bEFvWXRsQXVac2RmODhrTWhWWFAwbHJhMzZpQjFDeE1tTGxSOTljQTNRQzIyd01OZWNSZWF1cE83QzF2RmxrR21ONXlzcExGNXFWc0FYUWNDcmdyajY5QVJPUw?oc=5,"Tue, 22 Feb 2022 16:51:25 GMT",NEWSWEEK,Denmark: A global role model - d.newsweek.com,Denmark: A global role model d.newsweek.com
https://news.google.com/rss/articles/CBMifEFVX3lxTE56NjZxWjdsazZnSWNBWkhDcVcyZ0xLUnd2UTc3Nmd1TEJhVV9Td0FtanVZZW44cW8wZmVmcG5XckI3V0ZRVjRFTTdmV3o4U05QMjNzQUlST2h4aWFfNnBrT3BXdHlqUnZFNjlraFRNVG9FTFJCeW9yMVF1V2Q?oc=5,"Thu, 10 Jun 2021 08:02:26 GMT",NEWSWEEK,Diversification and digitalization give economy a boost ICT revolution to enhance prospects - d.newsweek.com,Diversification and digitalization give economy a boost ICT revolution to enhance prospects d.newsweek.com
https://news.google.com/rss/articles/CBMilwFBVV95cUxNWl9Rb1ptS29wZEo3TVlZV2lMbnBaYlJIU2ZDMXhsdjkxdEluSnJtY1hBTk02WFVod1laU3lIMEhjTVZsblRVclo2RU1iVUltVElJeGpNeXJxME9jbjV3WEtLQm1oeU5wM1MyczktX2pPSlQxSU9mbVdsS2gxWkFDZjhla3Q5dWZlTFZFT1NnSzFRdmhnSnhj?oc=5,"Mon, 05 Aug 2024 07:00:00 GMT",NEWSWEEK,Exclusive: China’s Plan to Revamp Economy Revealed by Ambassador to US - Newsweek,Exclusive: China’s Plan to Revamp Economy Revealed by Ambassador to US Newsweek
https://news.google.com/rss/articles/CBMiigFBVV95cUxOS3p5TWVuMHkxVlVuWk1RTVdVZVQ3M1N2V3FaYy1rMVpYZHVLQ01ULXF2U0VQQ19vaTg1Mmo4eE9YVm1OQTVidFJQRDhCV2lvamdHcVhzb0d3V1hEMWozNGZpMG5OTVpwa1lXd3hhbkFHVUxtZ2IycjVvWkszSEZGZUZvQ3l5WWRCNUE?oc=5,"Thu, 16 Oct 2025 07:00:00 GMT",NEWSWEEK,U.S. Bailout Won’t Fix Argentina’s Economy or Government | Opinion - Newsweek,U.S. Bailout Won’t Fix Argentina’s Economy or Government | Opinion Newsweek
https://news.google.com/rss/articles/CBMiYkFVX3lxTFBhTGxmdWVlQ2ZMeDNlSk9GYWZvMEhrQjJ1ZG12ZkRpMm1mQVFReWdNNjlKdkdDRkxFSW5aLTJfZXNQUkdseTJSV2tFX2ZsNU5GZ3o1U192QWZ1Z1d5Mlg1ZUNn?oc=5,"Tue, 23 Jun 2026 07:00:00 GMT",NEWSWEEK,Field to Future: The Sustainable Wellness Summit - Newsweek Events,Field to Future: The Sustainable Wellness Summit Newsweek Events
https://news.google.com/rss/articles/CBMidEFVX3lxTE1QR3pxWF94bndDNXoxWUJ6bzByTk5hb3g2Y09zRjRxVHhCTngwNFVHdFFlS0FfV3pjaHZWOUFNYk41WW9lazdzWF9iVFA2UmpyTnI5RTNBdzNLejZSQ3pGOUJFVmdpMUtwMThpamlZS0pnM0Q4?oc=5,"Tue, 18 Oct 2022 13:11:26 GMT",NEWSWEEK,Bangladesh - d.newsweek.com,Bangladesh d.newsweek.com
https://news.google.com/rss/articles/CBMicEFVX3lxTE5mQ1J2SlFIWi1hczBwdjFQN21kamdxZjI3STkyaTk2YzB2S3VzNjhwbFUwV0VLRkpsMUx5cm50WG16c1FoWi0zUmppR2Q4U2R0cUVxOEN0RDBhbzg4RDZCbmk2THB1cGFvYUhaQy02OWc?oc=5,"Wed, 17 Feb 2021 10:42:31 GMT",NEWSWEEK,Evergrow - d.newsweek.com,Evergrow d.newsweek.com
https://news.google.com/rss/articles/CBMiakFVX3lxTE5XUVVpSTAzejY3cm5kY1dIVkVKS1B2VlJaRkd4R0UyVDlHQlgtOXR1b0FGZEpsRGRBeC1xMmpiU1NuMW0zLWFUZktmcnlTamF1UnM3eVU3YmVNZkxIQmM2SUpHLWw2Y3VTd3c?oc=5,"Wed, 19 Jan 2022 02:57:51 GMT",NEWSWEEK,United Development Company - d.newsweek.com,United Development Company d.newsweek.com
